1,idle,idle,idle,idle,idle,idle,Rq,Olá. Desejo-lhes boas-vindas à A.U.L.A.;;
"1,idle,idle,idle,idle,idle,idle,Rq,""Também conhecida como Aprendizagem Unificada de Logística de Ameaças, a A.U.L.A. é um treinamento introdutório realizado pelo centro de operações de segurança da C.A.F.E.""";;
"1,idle,idle,idle,idle,idle,idle,Rq,""Devo lembrar que, se você está assistindo a este conteúdo, é porque foi aprovado no primeiro teste realizado no simulador da nossa empresa. Nossa equipe lhe deseja congratulações.""";;
1,idle,idle,idle,idle,idle,idle,Rq,Arrasou!!!;;
1,idle,idle,idle,idle,idle,idle,Na,A mulher de roupas extravagantes estrala os dedos no ar.;;
"1,idle,idle,idle,idle,idle,idle,Rf,""Felicitações pela conquista, nobre aventureiro. Sua guilda deve estar orgulhosa de seus feitos.""";;
1,idle,idle,idle,idle,idle,idle,Na,O homem de casaco esverdeado faz uma reverência.;;
"1,idle,idle,idle,idle,idle,idle,Rq,""É importante ressaltar que, caso você tenha tido acesso a este conteúdo por outros meios, denuncie imediatamente o responsável.""";;
1,idle,idle,idle,idle,idle,idle,Rq,A venda ou distribuição ilegal deste material está sujeita a processos judiciais e humilhação pública.;;
2,idle,idle,idle,idle,idle,idle,Na,A moça de coque nos cabelos usa controle remoto para passar o slide da apresentação.;;
"2,idle,idle,idle,idle,idle,idle,Rq,""Certo, agora, a apresentação da equipe presente.""";;
"2,idle,idle,idle,idle,idle,idle,Rq,""Meu nome é Raquel Garcia Hent, gerente de segurança cibernética, e serei a respon—""";;
2,idle,idle,idle,idle,idle,idle,Rb,Oieee! E eu sou a Rebec—;;
"2,idle,idle,idle,idle,idle,idle,Na,""A mulher mais animada pula pra frente, interrompendo a mais formal.""";;
"2,idle,idle,idle,idle,idle,idle,Na,""Raquel, por sua vez, interrompe a interrupção.""";;
"2,idle,idle,idle,idle,idle,idle,Rq,""Senhorita Hernandes, por obséquio, aguarde sua vez de falar. Conforme já combinado em nossos ensaios.""";;
2,idle,idle,idle,idle,idle,idle,Rq,Receio que o editor precise remover este trecho da gravação posteriormente.;;
2,idle,idle,idle,idle,idle,idle,Rb,Aff…;;
2,idle,idle,idle,idle,idle,idle,Na,Senhorita Hernandes revira os olhos;;
2,idle,idle,idle,idle,idle,idle,Rq,Vamos novamente...;;
2,idle,idle,idle,idle,idle,idle,Rq,Apresentação da equipe presente.;;
"2,idle,idle,idle,idle,idle,idle,Rq,""Meu nome é Raquel Garcia Hent, gerente de segurança cibernética, serei a responsável pela condução deste treinamento.""";;
"2,idle,idle,idle,idle,idle,idle,Na,""Raquel permanece ereta diante da câmera, falando com um tom excessivamente formal.""";;
"2,idle,idle,idle,idle,idle,idle,Rq,""Sou formada em Ciência da Computação, com especialização complementar em Gestão de Pessoas.""";;
"2,idle,idle,idle,idle,idle,idle,Rq,""Ao longo da minha trajetória, adquiri ampla experiência tanto no trato com máquinas quanto com as pessoas que insistem em operar essas máquinas de maneira inadequada.""";;
2,idle,idle,idle,idle,idle,idle,Rq,Também possuo pós-graduação e MBA com foco em cibersegurança.;;
"2,idle,idle,idle,idle,idle,idle,Rq,""Fui reconhecida por minha atuação em coordenação de respostas a incidentes, gestão de crises e aplicação de medidas corretivas sutis em colaboradores excessivamente desleixados.""";;
2,idle,idle,idle,idle,idle,idle,Rb,Tá se achando demais…;;
"2,idle,idle,idle,idle,idle,idle,Na,""A moça de vestido sussurra isso para si mesma, enquanto morre de inveja.""";;
2,idle,idle,idle,idle,idle,idle,Rq,Além disso…;;
2,idle,idle,idle,idle,idle,idle,Na,A graduada observa a apresentação novamente.;;
2,idle,idle,idle,idle,idle,idle,Rq,Quem foi exatamente o responsável pela montagem desses slides?;;
2,idle,idle,idle,idle,idle,idle,Rb,Ahn... Foi aquele moço do…;;
2,idle,idle,idle,idle,idle,idle,Rb,Qual era o nome mesmo?;;
"2,idle,idle,idle,idle,idle,idle,Rq,""Enfim, isso não é relevante no momento.""";;
"2,idle,idle,idle,idle,idle,idle,Rq,""Como consta na apresentação, embora não devesse constar, obtive o primeiro lugar no concurso de meditação mental extracorpórea promovido pela NamasTecno, em 2007.""";;
"2,idle,idle,idle,idle,idle,idle,Rq,""Na ocasião, devo admitir que ainda não possuía o mesmo repertório crítico que tenho hoje em relação a determinadas pseudociências de caráter questionável.""";;
"2,idle,idle,idle,idle,idle,idle,Rq,""No entanto, considero importante esclarecer que tal episódio não compromete, de forma alguma, minha credibilidade profissional.""";;
2,idle,idle,idle,idle,idle,idle,Rb,Era aquele concurso de quem voava mais longe com a alma nessas viagens astrais?;;
2,idle,idle,idle,idle,idle,idle,Rb,Não.;;
2,idle,idle,idle,idle,idle,idle,Rq,Era consideravelmente mais simples do que isso.;;
"2,idle,idle,idle,idle,idle,idle,Rq,""Ainda assim, algumas das práticas de meditação e concentração ensinadas no evento, apesar do contexto duvidoso em que foram apresentadas, continuam sendo úteis para o controle emocional em momentos de elevada tensão.""";;
"2,idle,idle,idle,idle,idle,idle,Rf,""É deveras fascinante conhecer mais sobre a lore de sua personagem, mestra da cibersegurança.""";;
2,idle,idle,idle,idle,idle,idle,Rq,...;;
2,idle,idle,idle,idle,idle,idle,Na,Raquel não tinha certeza de como ou se deveria responder aquilo.;;
2,idle,idle,idle,idle,idle,idle,Rq,Senhor Medina.;;
2,idle,idle,idle,idle,idle,idle,Rq,Apresente-se.;;
"2,idle,idle,idle,idle,idle,idle,Rf,""Saudações, nobre explorador que nos observa através dos cristais arcanos da gravação!""";;
"2,idle,idle,idle,idle,idle,idle,Rf,""Me chamo Sir Rafael, analista pleno, conhecido como o escudeiro digital!""";;
2,idle,idle,idle,idle,idle,idle,Na,Rafael ergue uma das mãos e força a voz.;;
2,idle,idle,idle,idle,idle,idle,Rb,Que cringe…;;
2,idle,idle,idle,idle,idle,idle,Rf,Oi?;;
2,idle,idle,idle,idle,idle,idle,Rb,Nada não!;;
"2,idle,idle,idle,idle,idle,idle,Na,""Rebeca tenta disfarçar, evitando contato visual.""";;
2,idle,idle,idle,idle,idle,idle,Rf,Muito bem…;;
2,idle,idle,idle,idle,idle,idle,Rf,Sobre meus muitos feitos!;;
2,idle,idle,idle,idle,idle,idle,Rf,Tudo começou na pequena escola da aldeia…;;
"2,idle,idle,idle,idle,idle,idle,Rf,""Rafinha era um jovem sonhador, explorando o mundo a sua volta.""";;
2,idle,idle,idle,idle,idle,idle,Rf,Os outros já sabiam que ele estava destinado à grandiosidade. Tanto que mal ousavam se aproximar.;;
"2,idle,idle,idle,idle,idle,idle,Rf,""Evitavam, a todo custo, sequer encarar-lhe nos olhos...""";;
"2,idle,idle,idle,idle,idle,idle,Rb,""Acho que eles te evitavam mesmo, querido.""";;
"2,idle,idle,idle,idle,idle,idle,Rq,""Senhor Medina, por obséquio, limite-se ao conteúdo apresentado no slide.""";;
2,idle,idle,idle,idle,idle,idle,Rf,Certo! Me perdoe pelo deslize.;;
"2,idle,idle,idle,idle,idle,idle,Rf,""Fui agraciado com os títulos de CEH e CISSP, insígnias reservadas aos guerreiros que enfrentam os feitiçeiros das sombras que rondam os reinos da informação.""";;
"2,idle,idle,idle,idle,idle,idle,Na,""Rafael complementa gestualmente o que fala, como se estivesse em um teatro infantil.""";;
"2,idle,idle,idle,idle,idle,idle,Rf,""Ao longo de incontáveis batalhas, e também de muitas rolagens infelizes, me tornei um dobrador de cyber, restaurando a paz no tabuleiro sempre que um chefe de nível absurdamente alto surgia diante do grupo.""";;
2,idle,idle,idle,idle,idle,idle,Na,As duas mulheres na sala trocam olhares confusos diante das analogias RPGísticas do analista.;;
"2,idle,idle,idle,idle,idle,idle,Rf,""Ainda assim, o feito que considero mais glorioso em minha jornada foi minha participação no maior torneio de mestres de roleplaying game de Minas Gerais.""";;
2,idle,idle,idle,idle,idle,idle,Rf,Onde conquistei o mais do que honroso terceiro lugar no Stinky Nerd Awards!;;
2,idle,idle,idle,idle,idle,idle,Rb,Credo... O nome da premiação já diz tudo.;;
"2,idle,idle,idle,idle,idle,idle,Na,""Por sorte, o analista pleno não pescou essa provocação.""";;
"2,idle,idle,idle,idle,idle,idle,Rb,""Posso me apresentar agora, hein? Já tô cansada de esperar!""";;
2,idle,idle,idle,idle,idle,idle,Rq,Vá em frente.;;
2,idle,idle,idle,idle,idle,idle,Rb,Finalmente!;;
"2,idle,idle,idle,idle,idle,idle,Na,""A mulher, deixada por último, fecha os olhos, respira fundo e se vira em direção à câmera.""";;
"2,idle,idle,idle,idle,idle,idle,Rb,""Oieee! Eu sou a Rebeca, mas podem me chamar de Beca!""";;
"2,idle,idle,idle,idle,idle,idle,Na,""Rebeca acena animadamente, como se estivesse cumprimentando uma de suas amigas de balada.""";;
2,idle,idle,idle,idle,idle,idle,Rb,Não preciso desses rótulos chiques de nerd pra provar que sou um ícone no que faço!;;
"2,idle,idle,idle,idle,idle,idle,Rb,""Sou a rainha do RH, baby!""";;
"2,idle,idle,idle,idle,idle,idle,Na,""Senhorita Hernandes faz biquinho, apoia as costas das mãos sob o queixo e inclina levemente a cabeça para o lado, como se estivesse posando para a capa de uma revista.""";;
2,idle,idle,idle,idle,idle,idle,Na,...;;
2,idle,idle,idle,idle,idle,idle,Rq,Não pretende mencionar suas qualificações?;;
2,idle,idle,idle,idle,idle,idle,Rb,Aff... Que saco. Tá bom!;;
2,idle,idle,idle,idle,idle,idle,Rb,Eu fiz um curso técnico em psicologia e também...;;
2,idle,idle,idle,idle,idle,idle,Rb,Oh my!;;
2,idle,idle,idle,idle,idle,idle,Na,A moça do RH olha para a apresentação atrás dela.;;
2,idle,idle,idle,idle,idle,idle,Rb,Eu nem lembrava disso!;;
2,idle,idle,idle,idle,idle,idle,Rb,Arrasei naquele show cover da diva Taytay!;;
2,idle,idle,idle,idle,idle,idle,Rb,Vocês precisavam ter visto!;;
2,idle,idle,idle,idle,idle,idle,Rb,O povo simplesmente babava só de me ouvir cantar!;;
"2,idle,idle,idle,idle,idle,idle,Rq,""Creio que estamos, mais uma vez, nos desviando do foco.""";;
"2,idle,idle,idle,idle,idle,idle,Rq,""Posteriormente, precisarei do contato do responsável pela montagem desta apresentação.""";;
"2,idle,idle,idle,idle,idle,idle,Rq,""De qualquer modo, esta será a equipe que acompanhará você durante a A.U.L.A. de hoje.""";;
"2,idle,idle,idle,idle,idle,idle,Rq,""Caso tenha qualquer reclamação em relação ao conteúdo apresentado, recomendamos cordialmente que a mantenha para si.""";;
"2,idle,idle,idle,idle,idle,idle,Rq,""Embora sejamos um espaço aberto à crítica, não temos a menor vontade de refazer esta gravação se não formos novamente pagos por isso.""";;
2,idle,idle,idle,idle,idle,idle,Rf,É argumento válido.;;
2,idle,idle,idle,idle,idle,idle,Rb,Real. Real.;;
"2,idle,idle,idle,idle,idle,idle,Rf,""Que tenha início, então, nossa jornada pelo incrível mundo cibernético!""";;
"2,idle,idle,idle,idle,idle,idle,Na,""Rafael ergue as duas mãos ao alto e proclama em voz alta, enquanto suas colegas se arrependem por terem levantado da cama hoje.""";;
