Slide;Personagem 1 Corpo;Personagem 1 Rosto;Personagem 2 Corpo;Personagem 2 Rosto;Personagem 3 Corpo;Personagem 3 Rosto;Origem Texto;Dialogo
0;idle;idle;idle;idle;idle;idle;Na;Em uma pequena sala no prédio da C.A.F.E., os funcionários mais qualificados entre os que estavam disponíveis naquele dia se preparam para gravar um vídeo de treinamento para iniciantes em segurança cibernética.
1;idle;idle;idle;idle;idle;idle;Rq;Olá. Desejo-lhes boas-vindas à A.U.L.A.
1;idle;idle;idle;idle;idle;idle;Rq;Também conhecida como Aprendizagem Unificada de Logística de Ameaças, a A.U.L.A. é um treinamento introdutório realizado pela C.A.F.E.
1;idle;idle;idle;idle;idle;idle;Rq;Devo lembrar que, se você está assistindo a este conteúdo, é porque foi aprovado no primeiro teste realizado no simulador da nossa empresa. Nossa equipe lhe deseja congratulações.
1;idle;idle;idle;idle;idle;idle;Rb;Arrasou!!!
1;idle;idle;idle;idle;idle;idle;Na;A mulher de roupas extravagantes estala os dedos no ar.
1;idle;idle;idle;idle;idle;idle;Rf;Felicitações pela conquista, nobre aventureiro. Sua guilda deve estar orgulhosa de seus feitos.
1;idle;idle;idle;idle;idle;idle;Na;O homem de casaco esverdeado faz uma reverência.
1;idle;idle;idle;idle;idle;idle;Rq;É importante ressaltar que, caso você tenha tido acesso a este conteúdo por outros meios, denuncie imediatamente o responsável.
1;idle;idle;idle;idle;idle;idle;Rq;A venda ou distribuição ilegal deste material está sujeita a processos judiciais e humilhação pública.
1;idle;idle;idle;idle;idle;idle;Rq;Essa apresentação é fornecida pelo SOC da C.A.F.E., considerado por muitos o melhor Centro de Operações de Segurança do bairro.
1;idle;idle;idle;idle;idle;idle;Rq;Um dos contratos mais recentes da organização consiste na proteção dos ativos computacionais da…renomada…petrolífera PetroCais.
1;idle;idle;idle;idle;idle;idle;Na;A voz da apresentadora sofre de uma breve hesitação.
1;idle;idle;idle;idle;idle;idle;Rq;Para a execução desta atividade, a C.A.F.E. dispõe de uma equipe técnica dedicada, composta por esta gestora que vos fala, Raquel Garcia Hent, pelo analista júnior Tiago Nogueira Vatto, pelo analista pleno Rafael Medina Oliveira e pelo analista sênior Eduardo Pontes Rodrigues.
1;idle;idle;idle;idle;idle;idle;Na;A mulher formal faz um gesto de separação com as mãos.
2;idle;idle;idle;idle;idle;idle;Na;A moça de coque nos cabelos usa controle remoto para passar o slide da apresentação.
2;idle;idle;idle;idle;idle;idle;Rq;Certo, agora, a apresentação da equipe presente.
2;idle;idle;idle;idle;idle;idle;Rq;Meu nome é Raquel Garcia Hent, gerente de segurança cibernética, e serei a respon—
2;idle;idle;idle;idle;idle;idle;Rb;Oieee! E eu sou a Rebec—
2;idle;idle;idle;idle;idle;idle;Na;A mulher mais animada pula pra frente, interrompendo a mais formal.
2;idle;idle;idle;idle;idle;idle;Na;Raquel, por sua vez, interrompe a interrupção.
2;idle;idle;idle;idle;idle;idle;Rq;Senhorita Hernandes, por obséquio, aguarde sua vez de falar. Conforme já combinado em nossos ensaios.
2;idle;idle;idle;idle;idle;idle;Rq;Receio que o editor precise remover este trecho da gravação posteriormente.
2;idle;idle;idle;idle;idle;idle;Rb;Aff…
2;idle;idle;idle;idle;idle;idle;Na;Senhorita Hernandes revira os olhos.
2;idle;idle;idle;idle;idle;idle;Rq;Vamos novamente...
2;idle;idle;idle;idle;idle;idle;Rq;Apresentação da equipe presente.
2;idle;idle;idle;idle;idle;idle;Rq;Meu nome é Raquel Garcia Hent, gerente de segurança cibernética, serei a responsável pela condução deste treinamento.
2;idle;idle;idle;idle;idle;idle;Na;Raquel permanece ereta diante da câmera, falando com um tom excessivamente formal.
2;idle;idle;idle;idle;idle;idle;Rq;Sou formada em Ciência da Computação, com especialização complementar em Gestão de Pessoas.
2;idle;idle;idle;idle;idle;idle;Rq;Ao longo da minha trajetória, adquiri ampla experiência tanto no trato com máquinas quanto com as pessoas que insistem em operar essas máquinas de maneira inadequada.
2;idle;idle;idle;idle;idle;idle;Rq;Também possuo pós-graduação e MBA com foco em cibersegurança.
2;idle;idle;idle;idle;idle;idle;Rq;Fui reconhecida por minha atuação em coordenação de respostas a incidentes, gestão de crises e aplicação de medidas corretivas sutis em colaboradores excessivamente desleixados.
2;idle;idle;idle;idle;idle;idle;Rb;Tá se achando demais…
2;idle;idle;idle;idle;idle;idle;Na;A moça de vestido sussurra isso para si mesma, enquanto morre de inveja.
2;idle;idle;idle;idle;idle;idle;Rq;Recomenda-se que, durante esta apresentação, sejam mencionadas todas as informações constantes em meu currículo.
2;idle;idle;idle;idle;idle;idle;Rq;Nesse sentido, cabe informar que obtive o primeiro lugar no concurso de Meditação Mental Extracorpórea, promovido pela NamasTecno, no ano de 2007.
2;idle;idle;idle;idle;idle;idle;Rq;Na ocasião, devo admitir que ainda não possuía o mesmo repertório crítico que tenho hoje em relação a determinadas pseudociências de caráter questionável.
2;idle;idle;idle;idle;idle;idle;Rq;No entanto, considero importante esclarecer que tal episódio não compromete, de forma alguma, minha credibilidade profissional.
2;idle;idle;idle;idle;idle;idle;Rb;Era aquele concurso de quem voava mais longe com a alma nessas viagens astrais?
2;idle;idle;idle;idle;idle;idle;Rq;Não.
2;idle;idle;idle;idle;idle;idle;Rq;Era consideravelmente mais simples do que isso.
2;idle;idle;idle;idle;idle;idle;Rq;Ainda assim, algumas das práticas de meditação e concentração ensinadas no evento, apesar do contexto duvidoso em que foram apresentadas, continuam sendo úteis para o controle emocional em momentos de elevada tensão.
2;idle;idle;idle;idle;idle;idle;Rf;É deveras fascinante conhecer mais sobre a lore de sua personagem, mestra da cibersegurança.
2;idle;idle;idle;idle;idle;idle;Rq;…
2;idle;idle;idle;idle;idle;idle;Na;Raquel não tinha certeza de como ou se deveria responder aquilo.
2;idle;idle;idle;idle;idle;idle;Rq;Senhor Medina.
2;idle;idle;idle;idle;idle;idle;Rq;Apresente-se.
2;idle;idle;idle;idle;idle;idle;Rf;Saudações, nobre explorador que nos observa através dos cristais arcanos da gravação!
2;idle;idle;idle;idle;idle;idle;Rf;Me chamo Sir Rafael, analista pleno, conhecido como o escudeiro digital!
2;idle;idle;idle;idle;idle;idle;Na;Rafael ergue uma das mãos e força a voz.
2;idle;idle;idle;idle;idle;idle;Rb;Que cringe…
2;idle;idle;idle;idle;idle;idle;Rf;Oi?
2;idle;idle;idle;idle;idle;idle;Rb;Nada não!
2;idle;idle;idle;idle;idle;idle;Na;Rebeca tenta disfarçar, evitando contato visual.
2;idle;idle;idle;idle;idle;idle;Rf;Muito bem…
2;idle;idle;idle;idle;idle;idle;Rf;Sobre meus muitos feitos!
2;idle;idle;idle;idle;idle;idle;Rf;Tudo começou na pequena escola da aldeia…
2;idle;idle;idle;idle;idle;idle;Rf;Rafinha era um jovem sonhador, explorando o mundo à sua volta.
2;idle;idle;idle;idle;idle;idle;Rf;Os outros já sabiam que ele estava destinado à grandiosidade. Tanto que mal ousavam se aproximar.
2;idle;idle;idle;idle;idle;idle;Rb;Acho que eles te evitavam mesmo, querido.
2;idle;idle;idle;idle;idle;idle;Rq;Senhor Medina, por obséquio, limite-se ao conteúdo apresentado no slide.
2;idle;idle;idle;idle;idle;idle;Rf;Certo! Me perdoe pelo deslize.
2;idle;idle;idle;idle;idle;idle;Rf;Fui agraciado com os títulos de CEH e CISSP, insígnias reservadas aos guerreiros que enfrentam os feiticeiros das sombras que rondam os reinos da informação.
2;idle;idle;idle;idle;idle;idle;Na;Rafael complementa gestualmente o que fala, como se estivesse em um teatro infantil.
2;idle;idle;idle;idle;idle;idle;Rf;Ao longo de incontáveis batalhas, e também de muitas rolagens infelizes, me tornei um dobrador de cyber, restaurando a paz no tabuleiro sempre que um chefe de nível absurdamente alto surgia diante do grupo.
2;idle;idle;idle;idle;idle;idle;Na;As duas mulheres na sala trocam olhares confusos diante das analogias RPGísticas do analista.
2;idle;idle;idle;idle;idle;idle;Rf;Ainda assim, o feito que considero mais glorioso em minha jornada foi minha participação no maior torneio de mestres de roleplaying game de Minas Gerais.
2;idle;idle;idle;idle;idle;idle;Rf;Onde conquistei o mais do que honroso terceiro lugar no Stinky Nerd Awards!
2;idle;idle;idle;idle;idle;idle;Rb;Credo... O nome da premiação já diz tudo.
2;idle;idle;idle;idle;idle;idle;Na;Por sorte, o analista pleno não pescou essa provocação.
2;idle;idle;idle;idle;idle;idle;Rb;Posso me apresentar agora, hein? Já tô cansada de esperar!
2;idle;idle;idle;idle;idle;idle;Rq;Vá em frente.
2;idle;idle;idle;idle;idle;idle;Rb;Finalmente!
2;idle;idle;idle;idle;idle;idle;Na;A mulher, deixada por último, fecha os olhos, respira fundo e se vira em direção à câmera.
2;idle;idle;idle;idle;idle;idle;Rb;Oieee! Eu sou a Rebeca, mas podem me chamar de Beca!
2;idle;idle;idle;idle;idle;idle;Na;Rebeca acenou animadamente, como se estivesse cumprimentando uma de suas amigas de balada.
2;idle;idle;idle;idle;idle;idle;Rb;Não preciso desses rótulos chiques de nerd pra provar que sou um ícone no que faço!
2;idle;idle;idle;idle;idle;idle;Rb;Sou a rainha do RH, baby!
2;idle;idle;idle;idle;idle;idle;Na;Senhorita Hernandes faz biquinho, apoia as costas das mãos sob o queixo e inclina levemente a cabeça para o lado, como se estivesse posando para a capa de uma revista.
2;idle;idle;idle;idle;idle;idle;Rq;Não pretende mencionar suas qualificações?
2;idle;idle;idle;idle;idle;idle;Rb;Aff... Que saco. Tá bom!
2;idle;idle;idle;idle;idle;idle;Rb;Eu fiz um curso técnico em psicologia.
2;idle;idle;idle;idle;idle;idle;Rb;Mas o mais importante é que tirei o terceiro lugar no concurso cover da Taylana Carpenter!
2;idle;idle;idle;idle;idle;idle;Rb;Arrasei na imitação da diva Taytay!
2;idle;idle;idle;idle;idle;idle;Rb;Vocês precisavam ter visto!
2;idle;idle;idle;idle;idle;idle;Rb;O povo simplesmente babava só de me ouvir cantar!
2;idle;idle;idle;idle;idle;idle;Rq;Creio que estamos, mais uma vez, nos desviando do foco.
2;idle;idle;idle;idle;idle;idle;Rq;De qualquer modo, esta será a equipe que acompanhará você durante a A.U.L.A. de hoje.
2;idle;idle;idle;idle;idle;idle;Rq;Caso tenha qualquer reclamação em relação ao conteúdo apresentado, recomendamos cordialmente que a mantenha para si.
2;idle;idle;idle;idle;idle;idle;Rq;Embora sejamos um espaço aberto à crítica, não temos a menor vontade de refazer esta gravação se não formos novamente pagos por isso.
2;idle;idle;idle;idle;idle;idle;Rf;É um argumento válido.
2;idle;idle;idle;idle;idle;idle;Rb;Real. Real.
2;idle;idle;idle;idle;idle;idle;Rf;Que tenha início, então, nossa jornada pelo incrível mundo cibernético!
2;idle;idle;idle;idle;idle;idle;Na;Rafael ergue as duas mãos ao alto e proclama em voz alta, enquanto suas colegas se arrependem por terem levantado da cama hoje.
3;idle;idle;idle;idle;idle;idle;Rq;Dando início à contextualização, a empresa na qual atuamos é a C.A.F.E.: Cybersecurity and Assurance For Enterprises, cuja tradução livre é “Cibersegurança e Garantia para Empresas”.
3;idle;idle;idle;idle;idle;idle;Rb;Em português, a sigla ficaria C.G.P.E.? Ainda bem que não escolheram essa, porque ficaria hor-rí-vel!
3;idle;idle;idle;idle;idle;idle;Rf;Parece Sergipe…
3;idle;idle;idle;idle;idle;idle;Rq;Seu nome reflete confiabilidade operacional, excelência na prestação de serviços e, naturalmente, uma referência à bebida produzida a partir dos grãos do fruto do cafeeiro.
3;idle;idle;idle;idle;idle;idle;Rq;Agora, irei apresentar algumas de suas especialidades.
3;idle;idle;idle;idle;idle;idle;Rq;A C.A.F.E. destaca-se por sua técnica inovadora de divisão de tarefas, na qual cada cliente recebe uma equipe exclusiva.
3;idle;idle;idle;idle;idle;idle;Rq;Segundo relatórios internos, esse modelo reduziu em 65% as taxas de burnout dos funcionários, em 25% os casos de envio de mensagens odiosas aos clientes e em 72% os casos de derramamento proposital de café sobre computadores corporativos.
3;idle;idle;idle;idle;idle;idle;Na;Raquel continua séria, mas os outros colegas trocam olhares levemente preocupados.
3;idle;idle;idle;idle;idle;idle;Rq;Além disso, a empresa é especialista no combate a ataques direcionados, tema no qual entraremos em mais detalhes posteriormente.
3;idle;idle;idle;idle;idle;idle;Rq;Seu extenso treinamento, combinado com confraternizações corporativas frequentes, mantém os funcionários com a mente tranquila, mas sempre um passo à frente das ameaças digitais.
3;idle;idle;idle;idle;idle;idle;Rb;Eu amoooo os churrascos da firma!
3;idle;idle;idle;idle;idle;idle;Na;Rebeca dá um pulinho de alegria.
3;idle;idle;idle;idle;idle;idle;Rq;E, claro, o verdadeiro motivo por trás do nome da empresa não poderia ser outro.
3;idle;idle;idle;idle;idle;idle;Rq;A C.A.F.E. é abastecida por uma quantidade absurda de máquinas de café espalhadas por todos os ambientes.
3;idle;idle;idle;idle;idle;idle;Rq;São 212 modos de preparo diferentes, dos quais 9 são oficialmente proibidos em toda a América Latina, por razões que o departamento jurídico recomenda não detalhar.
3;idle;idle;idle;idle;idle;idle;Rb;Eu já tomei alguns desses... Nada demais.
3;idle;idle;idle;idle;idle;idle;Na;A autodeclarada rainha do RH dá de ombros.
3;idle;idle;idle;idle;idle;idle;Rq;A C.A.F.E. atua como um Provedor de Serviços Gerenciados de Segurança.
3;idle;idle;idle;idle;idle;idle;Rq;Em termos práticos, somos responsáveis por monitorar continuamente os ativos de diferentes organizações por meio de um SOC.
3;idle;idle;idle;idle;idle;idle;Rb;Ei, segura as pontas aí, miga!
3;idle;idle;idle;idle;idle;idle;Na;A representante dos recursos humanos levanta a mão.
3;idle;idle;idle;idle;idle;idle;Rb;“Serviços gerenciados”, “SOC”? O que isso quer dizer?
3;idle;idle;idle;idle;idle;idle;Rb;Tipo… É claro que eu sei! Mas os nossos queridíssimos assistidores não sabem.
3;idle;idle;idle;idle;idle;idle;Na;Rebeca dá um sorriso nervoso para a câmera.
3;idle;idle;idle;idle;idle;idle;Rf;Permita-me traduzir os pergaminhos técnicos…
3;idle;idle;idle;idle;idle;idle;Rf;O SOC nada mais é do que o salão onde atuam os guerreiros digitais contratados para defender um reino.
3;idle;idle;idle;idle;idle;idle;Rf;Um monarca, ao contratar um serviço gerenciado, está convocando aventureiros para proteger seus ativos.
3;idle;idle;idle;idle;idle;idle;Rf;Que nada mais são do que os tesouros, relíquias ou especiarias raras.
3;idle;idle;idle;idle;idle;idle;Rf;Como pimenta-do-reino.
3;idle;idle;idle;idle;idle;idle;Na;Rafael imita o gesto de salpicar pimenta.
3;idle;idle;idle;idle;idle;idle;Rf;E é precisamente nesse ponto que entramos.
3;idle;idle;idle;idle;idle;idle;Rf;Dentro dessa taverna de operações com nome de cafeína, lançamos feitiços para detectar as magias das sombras…
3;idle;idle;idle;idle;idle;idle;Na;O analista pleno faz alguns gestos difíceis de definir com as mãos, como se estivesse conjurando alguma coisa.
3;idle;idle;idle;idle;idle;idle;Rf;Como rolar a magia de Detectar o Bem e Mal…
3;idle;idle;idle;idle;idle;idle;Rf;Ou então debuffar nossos inimigos com o poderoso feitiço chamado de Perdição.
3;idle;idle;idle;idle;idle;idle;Rf;A nossa nobre missão é proteger esses ativos até a morte!
3;idle;idle;idle;idle;idle;idle;Na;O autodeclarado escudeiro digital ergue uma das mãos ao alto, como se brandasse uma espada imaginária.
3;idle;idle;idle;idle;idle;idle;Rb;Jesus...
3;idle;idle;idle;idle;idle;idle;Na;Rebeca se arrepende de ter perguntado.
3;idle;idle;idle;idle;idle;idle;Rq;Deixe que eu explico.
3;idle;idle;idle;idle;idle;idle;Rq;A C.A.F.E. é um SOC, que por sua vez é um Centro de Operações de Segurança.
3;idle;idle;idle;idle;idle;idle;Rq;É o local onde profissionais monitoram continuamente os sistemas de uma organização em busca de ameaças e comportamentos suspeitos.
3;idle;idle;idle;idle;idle;idle;Rq;Ativos são todos os recursos relevantes para a organização, como servidores, sistemas, bancos de dados e informações.
3;idle;idle;idle;idle;idle;idle;Rq;Já os serviços gerenciados consistem em contratar uma equipe especializada para monitorar, proteger e responder a possíveis ameaças envolvendo esses ativos.
3;idle;idle;idle;idle;idle;idle;Rq;Basicamente deixar o trabalho pesado para outras pessoas.
3;idle;idle;idle;idle;idle;idle;Rq;Uma empresa como a PetroCais…
3;idle;idle;idle;idle;idle;idle;Rq;Que é referência absoluta na indústria, uma divindade corporativa movida a petróleo…
3;idle;idle;idle;idle;idle;idle;Na;Raquel recita a frase com visível desgosto, como se estivesse sendo obrigada a ler um material publicitário.
3;idle;idle;idle;idle;idle;idle;Rq;…Poderia ter optado por diferentes modelos de SOC.
3;idle;idle;idle;idle;idle;idle;Rq;Um modelo interno, com equipe própria.
3;idle;idle;idle;idle;idle;idle;Rq;A terceirização completa do serviço, como ocorreu no nosso caso, em que contrataram a equipe da C.A.F.E. para realizar todo o trabalho por eles.
3;idle;idle;idle;idle;idle;idle;Rq;Ou ainda um modelo híbrido.
3;idle;idle;idle;idle;idle;idle;Rf;Rf – Louvemos os deuses dos empregos!
3;idle;idle;idle;idle;idle;idle;Rf;Pois, caso outro caminho tivesse sido escolhido, talvez estivéssemos vagando pelas tavernas do Linkedrin em busca de novas quests...
3;idle;idle;idle;idle;idle;idle;Na;Rafael leva uma das mãos ao peito com dramaticidade, como se fosse um membro do clube de teatro.
3;idle;idle;idle;idle;idle;idle;Rq;…
3;idle;idle;idle;idle;idle;idle;Na;Raquel se arrepende de ter explicado.
3;idle;idle;idle;idle;idle;idle;Rq;E a verdadeira missão da C.A.F.E. não é apenas proteger ativos.
3;idle;idle;idle;idle;idle;idle;Rq;Um dos principais motivos que levaram seus fundadores a criar a companhia foi oferecer soluções de segurança cibernética mais inteligentes, ágeis e confiáveis para empresas.
3;idle;idle;idle;idle;idle;idle;Rq;O outro motivo era gerar lucro financeiro.
3;idle;idle;idle;idle;idle;idle;Na;Rafael e Rebeca ficam visivelmente assustados assim que a gerente cita isso, sabendo que é um grande tabu dizer que empresas corporativas querem ganhar dinheiro.
3;idle;idle;idle;idle;idle;idle;Rq;Não quantias exorbitantes, que só seriam possíveis através da exploração de funcionários ou atividades ilegais, mas algum valor significativo que faça valer a pena a empresa existir.
3;idle;idle;idle;idle;idle;idle;Rq;Eles sempre deixaram isso muito claro, o que eu, genuinamente, admiro como postura empresarial.
3;idle;idle;idle;idle;idle;idle;Rq;Afinal, todos aqui precisamos pagar nossas contas.
3;idle;idle;idle;idle;idle;idle;Na;Os dois ajudantes respiram aliviados e concordam com a cabeça.
3;idle;idle;idle;idle;idle;idle;Rq;Uma parte considerável desse valor foi reinvestida na empresa de café da nossa CEO, Jéssica Ferreira.
3;idle;idle;idle;idle;idle;idle;Rq;É por isso que temos tantos sabores de café, como mencionei anteriormente.
3;idle;idle;idle;idle;idle;idle;Rb;É uma diva! Empoderada! Simplesmente babilônica!
3;idle;idle;idle;idle;idle;idle;Na;Rebeca confere discretamente se a gravação ainda está ativa, ela sempre puxa o saco dos superiores quando está na frente da câmera.
4;idle;idle;idle;idle;idle;idle;Rq;Passando para o próximo tópico, agora falaremos com mais aprofundamento sobre como funciona um SOC de fato.
4;idle;idle;idle;idle;idle;idle;Rq;Vamos destrinchar suas atividades, estrutura, processos e…
4;idle;idle;idle;idle;idle;idle;Rq;SOC é top?!
4;idle;idle;idle;idle;idle;idle;Rq;Essa apresentação de slides foi revisada?
4;idle;idle;idle;idle;idle;idle;Rf;Não faço ideia.
4;idle;idle;idle;idle;idle;idle;Rb;Eu gostei do slogan!
4;idle;idle;idle;idle;idle;idle;Na;A mulher mais serelepe sorri, enquanto a gerente começa a utilizar algumas técnicas de meditação para se acalmar e evitar mais estresse.
5;idle;idle;idle;idle;idle;idle;Rq;Enfim…
5;idle;idle;idle;idle;idle;idle;Rq;Iniciaremos a análise do SOC a partir de suas principais atividades.
5;idle;idle;idle;idle;idle;idle;Rq;Elas podem ser divididas em três grandes categorias.
5;idle;idle;idle;idle;idle;idle;Na;Raquel faz o gesto de número três com uma das mãos.
5;idle;idle;idle;idle;idle;idle;Rq;A primeira categoria é a de planejamento e prevenção. Ela contempla a análise e mapeamento do ambiente, a aplicação de atualizações e a implementação de rotinas de backup.
5;idle;idle;idle;idle;idle;idle;Rq;Assim como realizado pela C.A.F.E., por meio do mapeamento adequado dos ativos da PetroCais…
5;idle;idle;idle;idle;idle;idle;Rq;A melhor petrolífera de todos os tempos…
5;idle;idle;idle;idle;idle;idle;Rq;Uma etapa que permitiu à equipe conduzir, com mais eficiência, a análise subsequente dos logs.
5;idle;idle;idle;idle;idle;idle;Rb;Esse é um jeito chatérrimo de dizer que é melhor prevenir do que remediar?
5;idle;idle;idle;idle;idle;idle;Rq;Precisamente.
5;idle;idle;idle;idle;idle;idle;Rf;É sempre bom conhecer o mapa antes de rolar os dados.
5;idle;idle;idle;idle;idle;idle;Na;A moça do RH revira os olhos.
5;idle;idle;idle;idle;idle;idle;Rq;O SOC também pode ser responsável pelo desenvolvimento da política de resposta a incidentes.
5;idle;idle;idle;idle;idle;idle;Rq;Que não possui qualquer relação com políticas públicas, ideologias políticas, Brasília e afins.
5;idle;idle;idle;idle;idle;idle;Na;A especialista em contenção de danos diz isso olhando para seus colegas de apresentação, como se estivesse prevenindo uma pergunta idiota que poderia vir em seguida.
5;idle;idle;idle;idle;idle;idle;Rq;Trata-se, na verdade, de um conjunto estruturado de diretrizes, regras e fluxos de atuação a serem seguidos diante de eventos e incidentes de segurança.
5;idle;idle;idle;idle;idle;idle;Rf;Os incidentes de segurança são como uma brecha nos muros do reino…
5;idle;idle;idle;idle;idle;idle;Rb;Lá vai o nerdola dar seu showzinho de novo…
5;idle;idle;idle;idle;idle;idle;Rf;Eles dissipam as magias de proteção e exigem uma ação coordenada dos escudeiros para conter os danos e restaurar a ordem do castelo.
5;idle;idle;idle;idle;idle;idle;Rf;E não é fácil fazer a party fazer os combos certos quando o inimigo tem pontos de vida demais.
5;idle;idle;idle;idle;idle;idle;Rq;Um incidente de segurança da informação é qualquer evento que comprometa a confidencialidade, integridade ou disponibilidade da informação, exigindo uma resposta estruturada para mitigar danos e restaurar a normalidade operacional.
5;idle;idle;idle;idle;idle;idle;Rf;É aí que entram os playbooks! Como um grimório antigo… Ou o livro do jogador. Eles descrevem todos os ataques, defesas e magias disponíveis.
5;idle;idle;idle;idle;idle;idle;Na;Rafael faz uma pose, como se estivesse abrindo um livro.
5;idle;idle;idle;idle;idle;idle;Na;Talvez ele devesse diminuir o número de sessões semanais de RPG.
5;idle;idle;idle;idle;idle;idle;Rq;Certo… Explicarei os playbooks com mais detalhes em breve.
5;idle;idle;idle;idle;idle;idle;Rq;Na categoria de monitoramento e resposta, as equipes utilizam ferramentas capazes de correlacionar logs e identificar comportamentos suspeitos.
5;idle;idle;idle;idle;idle;idle;Rq;E uma das nossas patrocinadoras de hoje é a ferramenta SIEMtinel.
5;idle;idle;idle;idle;idle;idle;Rq;A ferramenta SIEM auxilia a nossa equipe a relacionar os logs de todos os ativos das empresas para as quais prestamos serviço, além de sugerir prioridades de atendimento com base no risco das ameaças.
5;idle;idle;idle;idle;idle;idle;Rq;SIEMtinel… porque você não pode viver SIEM ele.
5;idle;idle;idle;idle;idle;idle;Na;A gerente esboça um sorriso forçado, determinado pelo cronograma.
5;idle;idle;idle;idle;idle;idle;Rb;Não sabia que tínhamos publi, que chique!
5;idle;idle;idle;idle;idle;idle;Rq;Sim… extremamente satisfatório.
5;idle;idle;idle;idle;idle;idle;Na;Raquel respira fundo e repensa toda sua vida por alguns segundos.
5;idle;idle;idle;idle;idle;idle;Rq;Após a identificação das ameaças e a confirmação do incidente, as equipes iniciam a resposta operacional.
5;idle;idle;idle;idle;idle;idle;Rq;Elas procuram isolar os ativos afetados, executar varreduras com antivírus ou outras ferramentas de segurança e investigar a causa raiz das vulnerabilidades exploradas no ataque, a fim de conter a ameaça e restaurar a operação com segurança.
5;idle;idle;idle;idle;idle;idle;Rb;Não sabia que essas coisas de computador podiam ser vulneráveis. Coitadinhas.
5;idle;idle;idle;idle;idle;idle;Na;A representante do RH faz carinha de choro para a câmera.
5;idle;idle;idle;idle;idle;idle;Rq;Receio que computadores, servidores e sistemas não sejam seres sencientes e, portanto, não demandem pena.
5;idle;idle;idle;idle;idle;idle;Rq;Nesse contexto, uma vulnerabilidade é uma fraqueza em um sistema, procedimento, controle ou implementação que pode ser explorada por um agente de ameaça.
5;idle;idle;idle;idle;idle;idle;Rq;Contudo, se você, que nos acompanha nesse treinamento, almeja alcançar um cargo de gestão no futuro, será fundamental aprender a lidar com essas adversidades.
5;idle;idle;idle;idle;idle;idle;Rq;É preciso promover a comunicação clara, a organização, os sermões frequentes aos deslizes cometidos por terceiros e a capacidade de impor ameaças sutis que impõem autoridade.
5;idle;idle;idle;idle;idle;idle;Na;A gestora do caos fala de um jeito que deixa claro que já presenciou essas situações mais vezes do que gostaria.
5;idle;idle;idle;idle;idle;idle;Rq;Como exemplo, podemos citar o incidente envolvendo a página do site da Petrocais…
5;idle;idle;idle;idle;idle;idle;Rq;A empresa mais espetacular que eu já vi…
5;idle;idle;idle;idle;idle;idle;Rq;Que foi alvo de defacement.
5;idle;idle;idle;idle;idle;idle;Rq;Inicialmente, a equipe realizou a verificação da legitimidade do alerta, confirmando tratar-se de um ataque real antes de dar prosseguimento às medidas previstas no procedimento.
5;idle;idle;idle;idle;idle;idle;Rb;Defacement? Tiraram o rosto de alguém?
5;idle;idle;idle;idle;idle;idle;Rq;Não exatamente. Defacement pode ser entendido como uma forma de vandalismo virtual em que o conteúdo original da página é alterado ou substituído por mensagens não autorizadas.
5;idle;idle;idle;idle;idle;idle;Rb;Ah, tá! Quando picharam o site!
5;idle;idle;idle;idle;idle;idle;Na;A representante do RH estala os dedos, satisfeita por finalmente entender alguma coisa.
5;idle;idle;idle;idle;idle;idle;Rf;Essa foi uma ótima quest, diga-se de passagem!
5;idle;idle;idle;idle;idle;idle;Rq;É importante reforçar que, mesmo que os responsáveis pelo ataque apresentem argumentos extremamente sólidos e consistentes, nosso contrato estabelece que nossa atuação deve se limitar ao âmbito técnico.
5;idle;idle;idle;idle;idle;idle;Rq;Cabe à equipe executar suas funções com profissionalismo e imparcialidade, sem permitir que julgamentos pessoais e morais interfiram na atuação.
5;idle;idle;idle;idle;idle;idle;Rb;Pelo menos quando os superiores estiverem olhando. Piscadinha!
5;idle;idle;idle;idle;idle;idle;Na;A rainha da informalidade dá uma piscada com o olho direito, com uma expressão sapeca no rosto.
5;idle;idle;idle;idle;idle;idle;Na;Raquel solta um pequeno sorriso de aprovação, que ela espera não ficar tão evidente nas gravações.
5;idle;idle;idle;idle;idle;idle;Rq;Após a validação do ataque, os profissionais passaram a executar as ações estabelecidas no playbook, seguindo os procedimentos definidos para contenção e análise do incidente.
5;idle;idle;idle;idle;idle;idle;Rq;Após a erradicação das ameaças, são iniciadas as atividades de recuperação, com a restauração do ambiente.
5;idle;idle;idle;idle;idle;idle;Rq;Atividades como recuperação de backups, restauração de serviços e do tráfego de rede, reinicialização de aplicações e sistemas, entre outras.
5;idle;idle;idle;idle;idle;idle;Rf;Como ocorreu na missão do Piche! Após superarmos as armadilhas deixadas pelos magos encapuzados, coube ao grande herói de todos executar o ritual de restauração!
5;idle;idle;idle;idle;idle;idle;Rf;E assim, o mural digital foi restaurado à sua forma original, livre das marcas profanas que tentaram manchar sua honra.
5;idle;idle;idle;idle;idle;idle;Na;É difícil compreender como Rafael conseguiu esse trabalho.
5;idle;idle;idle;idle;idle;idle;Rq;Também podem ser realizadas ações de revisão e aprimoramento, a partir da análise do conhecimento adquirido durante o tratamento dos incidentes.
5;idle;idle;idle;idle;idle;idle;Rq;Esse processo permite identificar falhas, oportunidades de melhoria e ajustes necessários nos fluxos de atuação.
5;idle;idle;idle;idle;idle;idle;Rq;A revisão contínua é essencial, pois mesmo em ambientes estruturados, erros e imprevistos são inevitáveis. Se eu recebesse uma moeda para cada equívoco de alto risco que já vi nessa empresa, certamente já teria me aposentado.
5;idle;idle;idle;idle;idle;idle;Na;Rafael e Rebeca trocam um olhar rápido, como se tentassem adivinhar como a C.A.F.E. ainda não fechou ou explodiu.
5;idle;idle;idle;idle;idle;idle;Rq;Por fim, um dos papéis do SOC é a adequação das ações em relação à legislação vigente, garantindo a conformidade com a lei.
5;idle;idle;idle;idle;idle;idle;Rq;O que nem sempre ocorre por parte das corporações às quais prestamos serviço, infelizmente… Contudo, esse tema poderá ser aprofundado em outra ocasião.
6;idle;idle;idle;idle;idle;idle;Rq;O bom funcionamento de um SOC depende da integração harmônica entre três pilares fundamentais, sendo eles processos, pessoas e tecnologia.
6;idle;idle;idle;idle;idle;idle;Rq;Para dar início à discussão, começaremos pelo pilar relacionado às pessoas.
6;idle;idle;idle;idle;idle;idle;Rb;Oba, pessoas! Eu adooooro pessoas!
6;idle;idle;idle;idle;idle;idle;Rb;Principalmente as bonitas. Vamos falar de pessoas bonitas?
6;idle;idle;idle;idle;idle;idle;Na;A mulher das roupas extravagantes dá um pequeno pulinho de alegria, empolgada com a ideia.
6;idle;idle;idle;idle;idle;idle;Rq;…
6;idle;idle;idle;idle;idle;idle;Na;A gerente a encara por alguns segundos, fazendo o máximo para diminuir sua vontade de voar no pescoço da garota RH nesse momento.
6;idle;idle;idle;idle;idle;idle;Rq;Negativo.
6;idle;idle;idle;idle;idle;idle;Rq;Não há nenhuma relação entre beleza física e ser funcionário de um SOC.
6;idle;idle;idle;idle;idle;idle;Rq;A estrutura geralmente se baseia em níveis técnicos dos profissionais, considerando as atividades realizadas.
6;idle;idle;idle;idle;idle;idle;Rf;Ei, ei! Posso explicar essa parte?
6;idle;idle;idle;idle;idle;idle;Na;Rafael levanta a mão com entusiasmo.
6;idle;idle;idle;idle;idle;idle;Rq;Receio que sua abordagem talvez não seja suficientemente técnica e possivelmente gere mais confusão do que esclarecimento.
6;idle;idle;idle;idle;idle;idle;Rf;Peço com meu coração, também desejo ser um contador de histórias!
6;idle;idle;idle;idle;idle;idle;Rf;Confie em mim, ó magnânima Soberana! Esta é uma escolha da qual jamais se arrependerá.
6;idle;idle;idle;idle;idle;idle;Rq;Hmm…
6;idle;idle;idle;idle;idle;idle;Na;A apelidada como Soberana reflete sobre sua decisão anterior.
6;idle;idle;idle;idle;idle;idle;Na;Um leve rubor surge em suas bochechas, enquanto ela evita contato visual.
6;idle;idle;idle;idle;idle;idle;Rq;Sua sorte é que aprecio quando me chama assim.
7;idle;idle;idle;idle;idle;idle;Rf;Tudo teve início em uma tarde dourada pelo sol, quando os ventos sopravam sobre a pequena aldeia de S’ber Seggranza.
7;idle;idle;idle;idle;idle;idle;Na;O alienado medieval pega um pequeno caderno de seu bolso e começa a narrar sua lenda inventada.
7;idle;idle;idle;idle;idle;idle;Rf;Em uma modesta taverna rústica que servia café ao invés de cerveja, deu-se início a uma nova legião de aventureiros.
7;idle;idle;idle;idle;idle;idle;Rf;Entre seus integrantes estava o mais jovem dos guerreiros… Inexperiente, porém destemido.
7;idle;idle;idle;idle;idle;idle;Rf;Conhecido como Aquele Que Mapeia, esse era Tiago Nogueira Vatto, o cartógrafo amador.
7;idle;idle;idle;idle;idle;idle;Rf;Embora de nível baixo e armado apenas com uma adaga enferrujada com 1d4 de dano, possuía a habilidade de detectar as presenças malignas na região e registrar cada sinal sombrio encontrado durante a jornada.
7;idle;idle;idle;idle;idle;idle;Rf;Ele não conseguia atacar, lançar magias e, para piorar, até para se mover era um zero à esquerda… qualquer pedaço de chão parecia terreno difícil para ele.
7;idle;idle;idle;idle;idle;idle;Rf;Ainda assim, ele tinha o talento de avisar o grupo sobre os perigos da jornada, como pequenos goblins saqueadores ou bruxas que eram muito, muito feias.
7;idle;idle;idle;idle;idle;idle;Rq;O citado é o analista de triagem, conhecido como N1. Ele monitora alertas, faz a triagem inicial e registra as primeiras informações sobre os eventos.
7;idle;idle;idle;idle;idle;idle;Na;A única adulta funcional da sala intervém, movida pela angústia de que a demitam por deixar um possível usuário de cogumelos ditar a apresentação.
8;idle;idle;idle;idle;idle;idle;Rf;O segundo integrante da guilda era um guerreiro valente! Um paladino, um escudeiro, um herói cuja bravura ecoava por toda S’ber!
8;idle;idle;idle;idle;idle;idle;Rf;Seu nome? Sir Rafael Medina Oliveira, aquele que vos conta a história.
8;idle;idle;idle;idle;idle;idle;Rf;Conhecido por muitos como o Cavaleiro das Telas!
8;idle;idle;idle;idle;idle;idle;Rf;Cabia a ele investigar a origem das magias malignas que assolavam o reino digital e fazer tudo o que estivesse ao seu alcance, ou além dele, para restaurar a ordem e aniquilar o inimigo.
8;idle;idle;idle;idle;idle;idle;Rf;Não havia artefato perdido que não pudesse recuperar. Desde memórias esquecidas até mesmo bolas de futebol aprisionadas nos telhados mais inalcançáveis.
8;idle;idle;idle;idle;idle;idle;Rf;Além disso, era reconhecido como o ser de maior beleza que já exis—
8;idle;idle;idle;idle;idle;idle;Rq;O analista de resposta, conhecido como N2. Ele investiga o incidente, executando medidas de contenção e recuperação.
8;idle;idle;idle;idle;idle;idle;Na;Raquel o interrompe novamente, com precisão cirúrgica.
8;idle;idle;idle;idle;idle;idle;Rf;Ainda tinha mais oito páginas detalhando seus feitos heroicos…
8;idle;idle;idle;idle;idle;idle;Rq;Infelizmente, não dispomos desse tempo.
8;idle;idle;idle;idle;idle;idle;Na;O pseudo aventureiro aceita a derrota, fixando um olhar triste no chão.
8;idle;idle;idle;idle;idle;idle;Rf;Pelo menos eu fiquei bem bonito nessa foto.
9;idle;idle;idle;idle;idle;idle;Rq;O analista sênior ou especialista, também denominado N3, atua na resolução de incidentes complexos.
9;idle;idle;idle;idle;idle;idle;Rq;Sua atuação inclui a análise aprofundada de ataques, a investigação de evidências digitais, conhecida como forense, e a busca por ameaças não identificadas.
9;idle;idle;idle;idle;idle;idle;Rb;Evidências digitais? Que tudoooo! Eu adooooro True Crime!
9;idle;idle;idle;idle;idle;idle;Rq;Felizmente, em incidentes cibernéticos, os únicos que costumam morrer são dados comprometidos e os neurônios daqueles que analisam evidências de forma incessante.
10;idle;idle;idle;idle;idle;idle;Rq;Por fim, o Gestor do SOC, função que atualmente desempenho, é responsável pela coordenação das operações, pela supervisão das equipes, pela comunicação com os clientes e pela manutenção do alinhamento estratégico do serviço.
10;idle;idle;idle;idle;idle;idle;Rb;Por fim? Que porre!
10;idle;idle;idle;idle;idle;idle;Rb;Não vai ter nenhuma foto minha?
10;idle;idle;idle;idle;idle;idle;Rb;Eu tenho tantos closes maravilhosos…
10;idle;idle;idle;idle;idle;idle;Na;Rebeca faz beicinho.
10;idle;idle;idle;idle;idle;idle;Rq;Cabe ao gestor administrar conflitos, interesses distintos e aprender técnicas de meditação para evitar cometer crimes de ódio com as pessoas de personalidade forte com as quais precisa lidar todos os dias.
10;idle;idle;idle;idle;idle;idle;Na;Raquel termina a frase com um sorriso discreto, enquanto Rebeca e Rafael olham para os lados, com um certo receio do que a gerente é capaz de fazer.
11;idle;idle;idle;idle;idle;idle;Rq;Agora, trataremos dos processos de um SOC.
11;idle;idle;idle;idle;idle;idle;Rb;Berro! Nos processaram de novo? Vamos ser cancelados?!
11;idle;idle;idle;idle;idle;idle;Na;A senhorita dos recursos humanísticos arregala os olhos e leva a mão ao peito, lembrando-se de quando recebeu uma ordem de restrição.
11;idle;idle;idle;idle;idle;idle;Rq;Não é esse tipo de processo a que me refiro…
11;idle;idle;idle;idle;idle;idle;Rq;E, por gentileza, evite mencionar ao nosso telespectador o episódio em que um dos colaboradores derramou café sobre três computadores, resultando na perda de sessenta e nove mil reais em ações de uma empresa que comercializa cigarros sabor energético.
11;idle;idle;idle;idle;idle;idle;Rb;Como esquecer da luta judicial com a Infarto Enterprises! Foi babadoooo!
11;idle;idle;idle;idle;idle;idle;Na;Rebeca se inclina para frente com uma aura fofoqueira.
11;idle;idle;idle;idle;idle;idle;Rb;O tonto que derrubou o café ainda trabalha com a gente?
11;idle;idle;idle;idle;idle;idle;Rq;É provável que este ex-funcionário resida com os pais ou atue em funções operacionais no setor varejista. Contudo, não devemos nos desviar do tema principal.
12;idle;idle;idle;idle;idle;idle;Rq;Os processos normatizam os fluxos de trabalho do SOC, registrando como as ameaças devem ser tratadas, estabelecendo a ordem das ações e identificando quem deve ser informado a partir de um alerta de um incidente.
12;idle;idle;idle;idle;idle;idle;Rb;Hã…
12;idle;idle;idle;idle;idle;idle;Rf;Minha cara soberana, a donzela autoproclamada como “Beca” parece não ter entendido com clareza essa parte da lenda do SOC. Poderia repetir, por gentileza?
12;idle;idle;idle;idle;idle;idle;Rb;Quê?! Eu não disse nada!
12;idle;idle;idle;idle;idle;idle;Na;A mulher que certamente preferia estar em outro lugar cruza seus braços e olha para Rafael com indignação.
12;idle;idle;idle;idle;idle;idle;Rq;Para esclarecer a definição, é possível usar a preparação de um bolo como analogia. Não basta apenas possuir os ingredientes corretos, é necessário seguir uma receita e respeitar a ordem de preparo.
12;idle;idle;idle;idle;idle;idle;Rf;Uai! De culinária, eu sou mestre!
12;idle;idle;idle;idle;idle;idle;Na;Rafael estufa o peito, olha para a apresentação e se prepara para roubar a cena.
12;idle;idle;idle;idle;idle;idle;Rf;Então, ó… começamos com os playbooks, que mostram como a equipe deve responder ao ataque, pra agilizar a resposta quando o problema aparece.
12;idle;idle;idle;idle;idle;idle;Rf;Na analogia à cozinha, seriam as receitas.
12;idle;idle;idle;idle;idle;idle;Rf;Passam o passo a passo e a medida de cada coisa que vai precisar. Como botar quatro ovos, duas xícaras de farinha e um cadinho de fermento.
12;idle;idle;idle;idle;idle;idle;Rf;Aí depois vem o… escalonamento. Quando o problema é mais complexo ou crítico e precisa ser tratado por gente com mais experiência ou permissão. Isso não tem a ver com ter um forno maior ou ter mais massa pro bolo.
12;idle;idle;idle;idle;idle;idle;Rf;É trocar o fritador de ovo de meia tigela pelo mestre-cuca!
12;idle;idle;idle;idle;idle;idle;Rf;Porque qualquer um consegue ir lá e comprar os ingredientes… mas nem todo mundo dá conta de fazer um bolo que presta. Nem um pãozinho de ló.
12;idle;idle;idle;idle;idle;idle;Rf;Naquele filme do rato cozinheiro lá, eles falavam que qualquer um podia cozinhar… Isso é conversa fiada.
12;idle;idle;idle;idle;idle;idle;Rf;Pra virar chef de mão cheia, cê tem que pegar as manhas. Saber acertar o ponto da massa, a temperatura do forno, essas coisas.
12;idle;idle;idle;idle;idle;idle;Rf;Eu queria era que desse pra assar um bolo de milho em cinco minutin com 2190 graus, em vez de 180 por uma hora… mas cêis ainda não tão pronto pra essa conversa.
12;idle;idle;idle;idle;idle;idle;Na;As duas mulheres se olham com expressões confusas.
12;idle;idle;idle;idle;idle;idle;Rf;Já as bases de conhecimento reúnem informações compartilhadas, como características dos ataques e formas de contenção, ajudando a padronizar as ações da equipe. São tipo aquelas anotações que a sua vó deixa no livro de receita.
12;idle;idle;idle;idle;idle;idle;Rf;Lá tem informação das ameaças que podem aparecer… tipo umas moscas varejeiras querendo botar ovo na sua massa. É um saco.
12;idle;idle;idle;idle;idle;idle;Rf;Rf – Aí também tem jeito de conter o problema… tipo cobrir a forma com um pano de prato… e as soluções que já deram certo antes… igual comprar um mata-mosca.
12;idle;idle;idle;idle;idle;idle;Rf;A véia sabia das coisa.
12;idle;idle;idle;idle;idle;idle;Na;O cozinhador cutuca seu indicador do lado direito da cabeça, reforçando a sabedoria de sua ascendente.
12;idle;idle;idle;idle;idle;idle;Rf;E no final, a gente tem um bolo… como dizem lá em Minas, bão demais da conta!
12;idle;idle;idle;idle;idle;idle;Rf;Pra servir com um café com leite, torresmo e…
12;idle;idle;idle;idle;idle;idle;Na;Rafael sente sua barriga implorar por gordura saturada.
12;idle;idle;idle;idle;idle;idle;Rf;Nuh, já fiquei com fome.
12;idle;idle;idle;idle;idle;idle;Rq;Devo admitir que essa analogia foi consideravelmente mais adequada que a anterior.
12;idle;idle;idle;idle;idle;idle;Rq;Ótimo trabalho, senhor Medina.
12;idle;idle;idle;idle;idle;idle;Rf;Sempre às ordens, Soberana!
12;idle;idle;idle;idle;idle;idle;Na;O mineiro faz uma pequena reverência exageradamente teatral.
12;idle;idle;idle;idle;idle;idle;Rb;Tô de cara! Não sabia que você podia falar sem ser um nerdão.
12;idle;idle;idle;idle;idle;idle;Rf;Eu sou geek, não sou nerdão.
12;idle;idle;idle;idle;idle;idle;Na;O nerdão balança a cabeça, ofendido com a realidade dos fatos.
12;idle;idle;idle;idle;idle;idle;Rf;E eu só falo desse jeito quando tô trabalhando.
12;idle;idle;idle;idle;idle;idle;Rf;Esse trampo é estressante pacas, imaginar tudo como uma sessão de T&B é mais divertido.
12;idle;idle;idle;idle;idle;idle;Rb;Tá certíssimo, divo!
12;idle;idle;idle;idle;idle;idle;Rb;É seu mecanismo de defesa antiburnout.
12;idle;idle;idle;idle;idle;idle;Rb;Admito que você subiu no meu conceito.
12;idle;idle;idle;idle;idle;idle;Rf;Valeu, Beca!
12;idle;idle;idle;idle;idle;idle;Na;Rafael sorri para Rebeca, sem imaginar que ela provavelmente esquecerá tudo o que acabou de dizer em menos de dez segundos.
13;idle;idle;idle;idle;idle;idle;Rq;Espero que tenham terminado as interações fora do âmbito profissional, porque agora falaremos sobre tecnologia.
13;idle;idle;idle;idle;idle;idle;Rq;Uma grande quantidade de ferramentas e tecnologias pode ser utilizada por um SOC para monitorar, detectar, responder, investigar e gerir eventos e incidentes.
14;idle;idle;idle;idle;idle;idle;Rq;Ferramentas como firewall, SIEM, IDS ou IPS, WAF, EDR e SOAR podem auxiliar os profissionais na gestão de incidentes.
14;idle;idle;idle;idle;idle;idle;Rb;Ahn…
14;idle;idle;idle;idle;idle;idle;Na;A embaixadora da desatenção pisca algumas vezes, franzindo a testa.
14;idle;idle;idle;idle;idle;idle;Rb;Miga, com todo respeito…
14;idle;idle;idle;idle;idle;idle;Rb;Parece que você engoliu o alfabeto e tá vomitando ele.
14;idle;idle;idle;idle;idle;idle;Rb;Pode explicar o que essas siglas estranhas significam?
14;idle;idle;idle;idle;idle;idle;Rq;Um dia eu vou me arrepender de não ter continuado só como escritora de ficção de fã…
14;idle;idle;idle;idle;idle;idle;Na;Raquel sussurra isso tão baixo que ninguém consegue ouvir.
14;idle;idle;idle;idle;idle;idle;Rq;Acompanhe as imagens, por obséquio.
14;idle;idle;idle;idle;idle;idle;Rq;Firewall é um dispositivo ou programa que controla o fluxo do tráfego de uma rede, permitindo a proteção desta rede contra ameaças.
14;idle;idle;idle;idle;idle;idle;Rf;Seria muito mais épico se esse trem realmente fosse um muro ardendo em chamas que nem na imagem… Usaria uma tempestade congelante pra acabar com ele!
14;idle;idle;idle;idle;idle;idle;Na;O analista pleno gesticula um ataque de poder hipotético com as mãos, enquanto é brutalmente ignorado pela gerente.
14;idle;idle;idle;idle;idle;idle;Rq;SIEM, como já expliquei anteriormente, mas considerando que talvez essa informação ainda não tenha sido devidamente assimilada por cérebros contaminados por geradores de serotonina barata…
14;idle;idle;idle;idle;idle;idle;Rq;Um sistema que coleta registros de diversas ferramentas, correlaciona esses dados e identifica padrões suspeitos.
14;idle;idle;idle;idle;idle;idle;Rb;Não tem a fotinho dele ali.
14;idle;idle;idle;idle;idle;idle;Na;Rebeca aponta para o slide.
14;idle;idle;idle;idle;idle;idle;Rq;Novamente demonstrando a incompetência do montador da apresentação.
14;idle;idle;idle;idle;idle;idle;Rq;Prosseguindo, o IDS / IPS é o sistema que permite a detecção e o bloqueio de atividades de intrusão ou tráfego malicioso.
14;idle;idle;idle;idle;idle;idle;Rq;O WAF é como se o firewall tivesse decidido trocar de emprego. Seu trabalho anterior estava causando tanto estresse que ele já começava a colocar fogo no floor e no roof, não apenas no wall.
14;idle;idle;idle;idle;idle;idle;Na;A protótipo de comediante corporativa olhou para seus colegas esperando alguma reação de riso.
14;idle;idle;idle;idle;idle;idle;Na;Nada aconteceu.
14;idle;idle;idle;idle;idle;idle;Rq;Caham… Então, assim, ele optou por uma função um pouco mais específica. Filtrar e monitorar o tráfego de internet, protegendo aplicativos da Web.
14;idle;idle;idle;idle;idle;idle;Rq;EDR é uma aplicação de proteção de dispositivos conectados a redes e usuários finais.
14;idle;idle;idle;idle;idle;idle;Rq;Ele identifica comportamentos maliciosos e permite responder rapidamente a ameaças nesses equipamentos.
14;idle;idle;idle;idle;idle;idle;Rq;Por fim, temos o SOAR.
14;idle;idle;idle;idle;idle;idle;Rq;Apesar do nome, não possui qualquer relação com o verbo que significa emitir ou produzir som. Tampouco com uma tentativa equivocada de dizer o verbo relacionado à transpiração.
14;idle;idle;idle;idle;idle;idle;Na;Rebeca não entendeu direito o que a gerente quis dizer.
14;idle;idle;idle;idle;idle;idle;Na;Rafael já havia parado de ouvir há algum tempo e agora rabiscava algo aleatório em seu caderno.
14;idle;idle;idle;idle;idle;idle;Rq;Trata-se, na verdade, de uma aplicação que permite a integração e a automatização de ferramentas de segurança, otimizando fluxos de trabalho.
14;idle;idle;idle;idle;idle;idle;Rb;Caramba… Quanta coisa…
14;idle;idle;idle;idle;idle;idle;Na;A moça extravagante coça a cabeça, visivelmente sobrecarregada de informação.
14;idle;idle;idle;idle;idle;idle;Rb;Ainda bem que eu não vou fazer a prova!
14;idle;idle;idle;idle;idle;idle;Rq;Isto não é uma aula preparatória para uma prova.
14;idle;idle;idle;idle;idle;idle;Rq;Trata-se de um treinamento inicial para profissionais que estão começando a atuar em um SOC.
14;idle;idle;idle;idle;idle;idle;Rb;Inicial?! Minha nossa…
14;idle;idle;idle;idle;idle;idle;Rb;Prefiro continuar só lidando com as pessoas mesmo.
14;idle;idle;idle;idle;idle;idle;Rq;Gostaria de ter sua empolgação em relação a elas…
14;idle;idle;idle;idle;idle;idle;Na;Raquel lança um olhar cansado aos seus colegas.
15;idle;idle;idle;idle;idle;idle;Rq;Prosseguindo… O último ponto que faltou foram os aplicativos de comunicação.
15;idle;idle;idle;idle;idle;idle;Rq;Na imagem temos alguns exemplos de ferramentas que podem ser úteis.
15;idle;idle;idle;idle;idle;idle;Rq;Como a troca de mensagens por e‑mail, a participação em reuniões de trabalho e, se necessário, o uso de softwares de acesso remoto, sempre respeitando as políticas de segurança e evitando acessos não autorizados ou pouco controlados.
15;idle;idle;idle;idle;idle;idle;Rb;Juro, é muito importante mandar e-mails e fazer calls com seus incríveis colegas do SOC!
15;idle;idle;idle;idle;idle;idle;Rb;Principalmente se tiver uma fofoca nova pra contar. Aliás, eu tenho um babado quentíssimo!
15;idle;idle;idle;idle;idle;idle;Rb;Sabia que a Tina da seção 7 tá traindo o namorado com—
15;idle;idle;idle;idle;idle;idle;Na;A faminta por informações fúteis se inclina para frente, claramente animada, antes de ser interrompida por Raquel.
15;idle;idle;idle;idle;idle;idle;Rq;Peço que evitemos esses assuntos não relacionados. Nosso objetivo aqui é apresentar ao telespectador o funcionamento de um Centro de Operações de Segurança e não discutir aspectos da vida íntima, de natureza questionável, de nossos funcionários.
15;idle;idle;idle;idle;idle;idle;Rb;Aff! Tá bom, senhorita ditadora.
15;idle;idle;idle;idle;idle;idle;Na;Rebeca revira os olhos e coloca as mãos na cintura.
16;idle;idle;idle;idle;idle;idle;Rq;Retornando ao treinamento, agora explicaremos…
16;idle;idle;idle;idle;idle;idle;Na;A mestre da segurança cibernética observa o slide com uma expressão incrédula.
16;idle;idle;idle;idle;idle;idle;Rq;…SIEM novamente?
16;idle;idle;idle;idle;idle;idle;Rq;Excelente. Espero que estejam nos remunerando adequadamente por essa redundância.
16;idle;idle;idle;idle;idle;idle;Rq;Senhorita Hernandes, gostaria de conduzir esta parte?
16;idle;idle;idle;idle;idle;idle;Rb;Claro! Seria um prazer!
16;idle;idle;idle;idle;idle;idle;Rb;Desde garotinha eu sonho em falar sobre isso!
16;idle;idle;idle;idle;idle;idle;Rq;Certo… também não precisa ironizar com tanta convicção.
16;idle;idle;idle;idle;idle;idle;Rb;A rainha do deboche não pode parar~
16;idle;idle;idle;idle;idle;idle;Na;A autodeclarada rainha do deboche imita uma pose de… deboche, eu suponho.
17;idle;idle;idle;idle;idle;idle;Rb;Enfim, o SIEM é a ferramenta que deixa todos os logs bem juntinhos!
17;idle;idle;idle;idle;idle;idle;Rb;Vocês sabem o que são logs?
17;idle;idle;idle;idle;idle;idle;Rb;…
17;idle;idle;idle;idle;idle;idle;Na;Rebeca olha para a câmera, esperando uma resposta que nunca chegará.
17;idle;idle;idle;idle;idle;idle;Rb;Muito bem, queridos!
17;idle;idle;idle;idle;idle;idle;Rb;São registros. Tipo, anotações do que acontece nos sistemas, nos servidores, nos computadores e todas aquelas coisinhas que chamamos de ativos.
17;idle;idle;idle;idle;idle;idle;Rb;Eu não sei vocês, mas sou louca por um ativo!
17;idle;idle;idle;idle;idle;idle;Na;A moça do RH fica envergonhada com suas próprias palavras e endireita a postura, depois de lembrar que está em ambiente profissional.
17;idle;idle;idle;idle;idle;idle;Rb;Bem… Esses registros são como se cada sistema deixasse um post-it dizendo: “oiiiêê, aconteceu essa parada nesse momento aqui, tá? beijo!”
17;idle;idle;idle;idle;idle;idle;Rq;Essa é, lamentavelmente, uma analogia funcional.
17;idle;idle;idle;idle;idle;idle;Rb;Quando a gente junta, guarda e acompanha esses registros, isso é chamado de gerenciamento de logs.
17;idle;idle;idle;idle;idle;idle;Rb;Ou GL, pra abreviar!
17;idle;idle;idle;idle;idle;idle;Na;Rebeca sorri como se tivesse acabado de criar um termo revolucionário.
17;idle;idle;idle;idle;idle;idle;Rq;Ninguém chama dessa forma.
17;idle;idle;idle;idle;idle;idle;Rb;Uma boa olhada nesses logs pode ajudar os nossos detetives virtuais aqui a encontrarem novos problemas.
17;idle;idle;idle;idle;idle;idle;Rb;E pra lidar com essa porrada de informação sem surtar…
17;idle;idle;idle;idle;idle;idle;Rb;…
17;idle;idle;idle;idle;idle;idle;Rb;Passa pro próximo!
17;idle;idle;idle;idle;idle;idle;Rq;Oh, precisamente.
18;idle;idle;idle;idle;idle;idle;Rb;Contamos com o nosso magnífico e babilônico SIEMtinel!
18;idle;idle;idle;idle;idle;idle;Rb;Por que você não pode viver SIEM ele!
18;idle;idle;idle;idle;idle;idle;Na;A musa das publicidades forçadas dá uma piscadinha exagerada para a câmera.
18;idle;idle;idle;idle;idle;idle;Rq;Continua constrangedor, mesmo quando outra pessoa diz.
18;idle;idle;idle;idle;idle;idle;Rf;Acha que cabelo ciano combinaria com você, Raquel?
18;idle;idle;idle;idle;idle;idle;Na;Rafael interrompe a aula enquanto rabisca distraidamente em seu caderno.
18;idle;idle;idle;idle;idle;idle;Rq;No meu ambiente de trabalho, isso nunca seria permitido.
18;idle;idle;idle;idle;idle;idle;Rq;Mas sim.
18;idle;idle;idle;idle;idle;idle;Rq;Ainda que minha cor de preferência geral continue sendo bege.
18;idle;idle;idle;idle;idle;idle;Rb;Shhh! Não atrapalhem a minha aula!
18;idle;idle;idle;idle;idle;idle;Na;Rebeca levanta um dedo pedindo silêncio, sem sequer olhar para os colegas.
18;idle;idle;idle;idle;idle;idle;Na;Raquel devolve um olhar sério pra ela.
18;idle;idle;idle;idle;idle;idle;Rb;O SIEMtinel faz várias coisas. Prestem atenção no slide, meus amores.
19;idle;idle;idle;idle;idle;idle;Rb;Primeiro ele coleta os dados. Vocês sabem o que são dados?
19;idle;idle;idle;idle;idle;idle;Rb;Vamos lá, não tenham vergonha!
19;idle;idle;idle;idle;idle;idle;Na;O nosso escudeiro digital favorito para de rabiscar e levanta o indicador imediatamente.
19;idle;idle;idle;idle;idle;idle;Rf;Dados são poliedros numerados, com 4, 6, 8, 10, 12 ou 20 faces. Usados em jogos de interpretação para gerar aleatoriedade, definir o sucesso de ações e—
19;idle;idle;idle;idle;idle;idle;Rb;NÃO!
19;idle;idle;idle;idle;idle;idle;Na;Rebeca aponta para ele como se estivesse amaldiçoando todas as suas gerações futuras.
19;idle;idle;idle;idle;idle;idle;Rb;Não tem nada a ver com suas maluquices de nerd, garoto!
19;idle;idle;idle;idle;idle;idle;Rb;Se não tem nada de bom pra dizer, é melhor ficar quieto.
19;idle;idle;idle;idle;idle;idle;Na;O analista pleno apenas ignora e volta a rabiscar.
19;idle;idle;idle;idle;idle;idle;Rb;Dados são informações, fofocas do sistema, babados quentes dos servidores.
19;idle;idle;idle;idle;idle;idle;Rb;E o que o SIEM faz com isso, divos?
19;idle;idle;idle;idle;idle;idle;Rb;…
19;idle;idle;idle;idle;idle;idle;Rb;Meh… eu também não lembro, pra ser sincera.
19;idle;idle;idle;idle;idle;idle;Rb;Em minha defesa, eu sou de humanas.
19;idle;idle;idle;idle;idle;idle;Rb;Por sorte, eu trouxe a minha colinha!
19;idle;idle;idle;idle;idle;idle;Na;Rebeca abre a colinha. Ela é absurdamente longa, dobrada em várias partes como um pequeno mapa.
19;idle;idle;idle;idle;idle;idle;Rb;Hmm… deixa eu ver…
19;idle;idle;idle;idle;idle;idle;Rb;O SIEMzinho coleta essas informações de vários lugares, junta tudo e depois organiza bonitinho.
19;idle;idle;idle;idle;idle;idle;Rb;É como separar aquele seu vestido branco icônico das roupas coloridas na hora de colocar na máquina.
19;idle;idle;idle;idle;idle;idle;Rb;Em seguida ele correlo… cor…
19;idle;idle;idle;idle;idle;idle;Na;Senhorita Hernandes se embola nas palavras.
19;idle;idle;idle;idle;idle;idle;Rb;Correlaciona! Isso! Que é um jeito muito chato e sem graça de falar que ele procura padrões nas informações.
19;idle;idle;idle;idle;idle;idle;Rb;Juro, geralmente não sou fã de padrões normativos da sociedade, mas nesse caso eles são úteis.
19;idle;idle;idle;idle;idle;idle;Rb;E por último, ele aplica regras pra dar mais minutos de fama pro que parece mais perigoso.
19;idle;idle;idle;idle;idle;idle;Rb;Que nem aconteceu com alguns serial killers no Trick and Trock!
19;idle;idle;idle;idle;idle;idle;Na;Raquel se questiona internamente se isso foi uma crítica à romantização de criminosos na internet ou só uma constatação.
19;idle;idle;idle;idle;idle;idle;Rb;E assim são gerados os alertas!
20;idle;idle;idle;idle;idle;idle;Rb;No SIEM, são usadas cores como forma de dizer o que é mais problemático, indicando a prioridade no atendimento.
20;idle;idle;idle;idle;idle;idle;Rb;E eu adoooorooo quando a tela fica coloridinha~
20;idle;idle;idle;idle;idle;idle;Rq;Isso costuma não ser um bom sinal.
20;idle;idle;idle;idle;idle;idle;Rb;Saberiam me dizer qual é a cor mais perigosa no SIEMtinel?
20;idle;idle;idle;idle;idle;idle;Na;A especialista em desviar o foco observa a câmera atentamente pela vigésima vez.
20;idle;idle;idle;idle;idle;idle;Rq;Senhorita Hernandes…
20;idle;idle;idle;idle;idle;idle;Rq;Além da resposta ao seu questionamento estar bem clara na própria imagem ao fundo…
20;idle;idle;idle;idle;idle;idle;Rq;Você sabe que isso é uma gravação e não existe forma de interagir com nenhum telespectador em tempo real, não é?
20;idle;idle;idle;idle;idle;idle;Rb;Credo, vocês não entendem nada de pedagogia!
20;idle;idle;idle;idle;idle;idle;Rb;É pra incentivar os alunos a responderem enquanto assistem.
20;idle;idle;idle;idle;idle;idle;Rb;Aprendi isso assistindo ao desenho da Tora, a Aventureira.
20;idle;idle;idle;idle;idle;idle;Rq;Vale lembrar que este conteúdo será assistido principalmente por adultos e jovens que estão ingressando na área de segurança cibernética.
20;idle;idle;idle;idle;idle;idle;Rq;Não pela sua sobrinha de 11 anos.
20;idle;idle;idle;idle;idle;idle;Rb;AGH!
20;idle;idle;idle;idle;idle;idle;Na;Rebeca solta um berro muito alto e arregala os olhos para Raquel.
20;idle;idle;idle;idle;idle;idle;Rb;Que ódio!
20;idle;idle;idle;idle;idle;idle;Rb;Fala você então, sabichona!
20;idle;idle;idle;idle;idle;idle;Rb;Já que sabe tanto sobre tudo! A espertona!
20;idle;idle;idle;idle;idle;idle;Na;A moça do RH cruza os braços e evita contato visual.
20;idle;idle;idle;idle;idle;idle;Rb;…
20;idle;idle;idle;idle;idle;idle;Na;A gerente respira fundo e aplica internamente algumas técnicas de meditação.
20;idle;idle;idle;idle;idle;idle;Rb;…
20;idle;idle;idle;idle;idle;idle;Rb;…?
20;idle;idle;idle;idle;idle;idle;Rf;…
20;idle;idle;idle;idle;idle;idle;Na;O RPGista continua desenhando em seu caderno, completamente alheio às brigas fúteis ao seu redor.
20;idle;idle;idle;idle;idle;idle;Rb;Muito bem… reconheço que exagerei no meu comentário anterior.
20;idle;idle;idle;idle;idle;idle;Rb;Apesar dos métodos controversos e da simplificação adotada, o conteúdo base está sendo seguido corretamente.
20;idle;idle;idle;idle;idle;idle;Rb;Peço desculpas pelo transtorno e sugiro que prossigamos.
20;idle;idle;idle;idle;idle;idle;Na;Raquel abaixa a cabeça lentamente, com um tom de voz completamente zen.
20;idle;idle;idle;idle;idle;idle;Rb;…
20;idle;idle;idle;idle;idle;idle;Rb;Aff…
20;idle;idle;idle;idle;idle;idle;Na;Rebeca murcha só o suficiente para parecer arrependida, mas não o bastante para aprender de verdade.
20;idle;idle;idle;idle;idle;idle;Rb;Tá bem.
20;idle;idle;idle;idle;idle;idle;Rb;Vou parar de falar com a câmera daquele jeito. Achei que seria engraçado, mas ficou só cringe.
20;idle;idle;idle;idle;idle;idle;Rb;E eu também não quero parecer uma doida varrida que nem o moço ali.
20;idle;idle;idle;idle;idle;idle;Na;A mulher extravagante aponta para nosso escudeiro digital favorito.
20;idle;idle;idle;idle;idle;idle;Na;Por sorte, Rafael não notou a crítica nada construtiva e continuou seus rabiscos.
20;idle;idle;idle;idle;idle;idle;Rb;Onde eu tava mesmo…
20;idle;idle;idle;idle;idle;idle;Rb;Ah! As cores!
20;idle;idle;idle;idle;idle;idle;Rb;No SIEM, alertas verdes costumam ser mais tranquilos, cheios de energia positiva.
20;idle;idle;idle;idle;idle;idle;Rb;Já os vermelhos… esses aí pesam o clima.
20;idle;idle;idle;idle;idle;idle;Rb;Aqui na C.A.F.E., a gente usa a ferramenta pra reunir os dados das empresas a que atendemos, como a PetroCais.
20;idle;idle;idle;idle;idle;idle;Rb;É assim que conseguimos perceber quando alguma coisa estranha acontece antes que vire um completo caos.
21;idle;idle;idle;idle;idle;idle;Rb;Aqui temos um exemplo de um funcionário tentando acessar o servidor através de...
21;idle;idle;idle;idle;idle;idle;Na;Rebeca aponta pro slide com desconfiança.
21;idle;idle;idle;idle;idle;idle;Rb;Tá escrito certo mesmo? “Força bruta”? Então ele ficou tipo… socando o computador?
21;idle;idle;idle;idle;idle;idle;Rq;Nesse caso, força bruta significa que ele tentou o máximo possível de combinações de senha até conseguir acesso.
21;idle;idle;idle;idle;idle;idle;Rb;Juro, que mico.
21;idle;idle;idle;idle;idle;idle;Na;A extrovertida tapa o rosto brevemente, com vergonha.
21;idle;idle;idle;idle;idle;idle;Rb;Deixa eu ver minha colinha de novo…
21;idle;idle;idle;idle;idle;idle;Rb;Tá, daí o SIEM coleta as tentativas desesperadas do hacker de descobrir a senha desse tal de Gean Éricko.
21;idle;idle;idle;idle;idle;idle;Rb;Pelo nome, deve ser 123456…
21;idle;idle;idle;idle;idle;idle;Rf;Na verdade, de acordo com pesquisas em bases de dados, a senha dele era “senha”.
21;idle;idle;idle;idle;idle;idle;Rb;Meu pai…
21;idle;idle;idle;idle;idle;idle;Na;As duas decidem que é melhor não pensar muito sobre isso.
21;idle;idle;idle;idle;idle;idle;Rb;Tanto faz… o SIEMzinho começa observando várias tentativas de entrar que não deram em nada.
21;idle;idle;idle;idle;idle;idle;Rb;Depois, uma que deu bom.
21;idle;idle;idle;idle;idle;idle;Rb;E logo em seguida… alguém tenta fuçar os documentos cheios de babados quentes da empresa, bem no horário do cafézinho do funcionário.
21;idle;idle;idle;idle;idle;idle;Rb;Quando o SIEM compara tudo isso com a lista de regrinhas, ele nota que alguma coisa ali não tá cheirando bem.
21;idle;idle;idle;idle;idle;idle;Rb;Aí ele gera um alerta pra galera do SOC investigar.
21;idle;idle;idle;idle;idle;idle;Rb;E é isso que vocês, divos, precisam saber sobre SIEM! Bum, arrasei!
21;idle;idle;idle;idle;idle;idle;Na;A representante do RH faz um gesto de largar um microfone imaginário.
22;idle;idle;idle;idle;idle;idle;Rq;Ótimo, prosseguiremos com o conteúdo.
22;idle;idle;idle;idle;idle;idle;Rq;Agora, falaremos sobre os agentes de ameaça.
22;idle;idle;idle;idle;idle;idle;Na;Raquel olha lentamente para Rafael, como se aguardasse um desastre iminente.
22;idle;idle;idle;idle;idle;idle;Rf;Hã? Que foi, Soberana?
22;idle;idle;idle;idle;idle;idle;Rq;Estava apenas esperando que você fizesse algum comentário sobre agentes secretos, espionagem internacional ou qualquer outra atrocidade do gênero.
22;idle;idle;idle;idle;idle;idle;Rf;Uai, eu não tenho medo de agente que só sabe ficar ameaçando.
22;idle;idle;idle;idle;idle;idle;Rf;Se for pra fazer algo, eu vou lá e faço primeiro!
22;idle;idle;idle;idle;idle;idle;Na;Raquel decide, por autopreservação, não aprofundar aquela lógica.
22;idle;idle;idle;idle;idle;idle;Rq;Em segurança cibernética, agentes de ameaça são indivíduos, grupos ou entidades com intenção e capacidade de explorar vulnerabilidades em ecossistemas digitais para atingir objetivos específicos.
22;idle;idle;idle;idle;idle;idle;Rq;Suas motivações podem focar no lucro, na espionagem, na motivação ideológica e política, além das ameaças internas nas organizações, entre outras.
22;idle;idle;idle;idle;idle;idle;Rq;Ainda assim, convém não presumir que sejam completamente racionais.
22;idle;idle;idle;idle;idle;idle;Rq;Anos atrás, lidei com um grupo que tentou invadir os servidores de uma emissora de televisão aberta apenas para inserir, de forma ilegal, conteúdos de cunho sexual e de humor ácido na programação.
22;idle;idle;idle;idle;idle;idle;Rq;Quando interrogados, declararam que o fizeram porque, em suas próprias palavras, “acharam engraçado”.
22;idle;idle;idle;idle;idle;idle;Na;A gerente olha para baixo, tentando expulsar as lembranças.
22;idle;idle;idle;idle;idle;idle;Rq;É por casos assim que penso que é genuinamente difícil compreender o que se passa na mente desses indivíduos.
22;idle;idle;idle;idle;idle;idle;Rq;De todo modo, independentemente da motivação, esses agentes podem empregar técnicas variadas, desde ataques imediatos até estratégias mais discretas, como o pre- positioning.
22;idle;idle;idle;idle;idle;idle;Rq;Podem ser utilizadas diversas táticas de ataque, entre elas, engenharia social, phishing, APT ou advanced persistent threat, e movimentação lateral.
22;idle;idle;idle;idle;idle;idle;Rb;Toda montada no inglês a diva.
23;idle;idle;idle;idle;idle;idle;Na;A gestora passa para o próximo slide.
23;idle;idle;idle;idle;idle;idle;Rq;Conforme mencionado anteriormente, no caso mais recente que enfrentamos, o grupo hacktivista de viés ecológico PetroKillers, também conhecido como APT 171.
23;idle;idle;idle;idle;idle;idle;Rb;APT?
23;idle;idle;idle;idle;idle;idle;Rb;Isso não é uma música da Taylana Carpenter que virou trend?
23;idle;idle;idle;idle;idle;idle;Rb;Apatii patii, apati patii~
23;idle;idle;idle;idle;idle;idle;Na;Rebeca faz gestos aleatórios com as mãos enquanto cantarola, envergonhando todos à sua volta.
23;idle;idle;idle;idle;idle;idle;Rq;Tenho razoável convicção de que não.
23;idle;idle;idle;idle;idle;idle;Rb;Então é abreviação de apartamento?
23;idle;idle;idle;idle;idle;idle;Rq;Neste contexto, APT significa Advanced Persistent Threat, ou, em bom português, Ameaça Avançada Persistente.
23;idle;idle;idle;idle;idle;idle;Rq;Trata-se de uma operação conduzida por grupos altamente qualificados, capazes de manter acesso prolongado a um ambiente com o objetivo de cumprir metas estratégicas.
23;idle;idle;idle;idle;idle;idle;Rb;Você nunca para de falar em grego, né, Raquelzita?
23;idle;idle;idle;idle;idle;idle;Rq;A linguagem greco-romana não foi utilizada em nenhum momento, senhorita Hernandes, mas considerei sua colocação apenas mais uma evidência da sua limitada compreensão do mundo da cibersegurança.
23;idle;idle;idle;idle;idle;idle;Rb;Limitada é você, queridinha!
23;idle;idle;idle;idle;idle;idle;Na;A representante do RH revira os olhos, ofendida.
23;idle;idle;idle;idle;idle;idle;Rf;PetroKillers são os druidas da escuridão, né não?
23;idle;idle;idle;idle;idle;idle;Rq;Pensava que o senhor os descreveria como um grupo hacktivista de magos encapuzados manipuladores dos códigos arcanos… ou alguma variação igualmente excêntrica.
23;idle;idle;idle;idle;idle;idle;Rf;Sim, isso também!
23;idle;idle;idle;idle;idle;idle;Rf;E fico feliz que tenha prestado atenção nisso.
23;idle;idle;idle;idle;idle;idle;Na;O analista pleno fica visivelmente mexido.
23;idle;idle;idle;idle;idle;idle;Rf;Mas como o objetivo deles é proteger a natureza, mesmo que desse jeito vilanesco deles, acho que eles parecem mais como druidas!
23;idle;idle;idle;idle;idle;idle;Rq;Não faço a mínima ideia do que esse termo significa nesse contexto, senhor Medina.
23;idle;idle;idle;idle;idle;idle;Rq;E, francamente, duvido que seja relevante para a apresentação.
23;idle;idle;idle;idle;idle;idle;Rf;É claro que é, uai! Druidas são conjuradores divinos ligados à natureza!
23;idle;idle;idle;idle;idle;idle;Rf;Eles mexem com magia elemental, plantas, essas coisas… e ainda podem virar qualquer bicho que já tenham visto durante a sessão!
23;idle;idle;idle;idle;idle;idle;Rf;Eu joguei de druida uma vez e virei uma mosquinha.
23;idle;idle;idle;idle;idle;idle;Rf;Aí, no meio da batalha, fui voando atrás de um inimigo que tava sem armadura na parte de baixo… e entrei dentro da—
23;idle;idle;idle;idle;idle;idle;Rq;Peço que interrompa imediatamente.
23;idle;idle;idle;idle;idle;idle;Na;Raquel interrompe-o imediatamente.
23;idle;idle;idle;idle;idle;idle;Rq;Em breve, traremos informações detalhadas sobre o ocorrido.
24;idle;idle;idle;idle;idle;idle;Rq;Movidos, a princípio, por motivação ideológica, esses cibercriminosos buscavam denunciar crimes ambientais por meio da pichação do site.
24;idle;idle;idle;idle;idle;idle;Rq;Entretanto, ainda não é possível afirmar com certeza que essa seja sua única motivação. Por esse motivo, consideram-se também hipóteses como a ganância e a espionagem entre os possíveis objetivos do grupo.
24;idle;idle;idle;idle;idle;idle;Rq;Embora ainda se saiba pouco a respeito dessa organização, é certo que haverá outras oportunidades para analisá-la de forma mais aprofundada no futuro.
24;idle;idle;idle;idle;idle;idle;Na;Alerta de spoiler, sim. Eles sempre voltam.
24;idle;idle;idle;idle;idle;idle;Rf;Motivação? Um bom vilão sempre precisa de motivação!
24;idle;idle;idle;idle;idle;idle;Rf;Principalmente se forem cibercriminosos.
24;idle;idle;idle;idle;idle;idle;Rf;Nome maneiro demais, aliás. Tá de parabéns, Soberana.
24;idle;idle;idle;idle;idle;idle;Na;O escudeiro digital se inclina discretamente na direção de sua soberana, sussurrando.
24;idle;idle;idle;idle;idle;idle;Rq;Não fui eu quem escolhi esse termo…
24;idle;idle;idle;idle;idle;idle;Rf;Existem muitos tipos de codificadores sombrios! Mas um dos mais clássicos são os movidos pela ganância.
24;idle;idle;idle;idle;idle;idle;Rf;Aqueles que querem juntar todas as moedas de ouro… Provavelmente vão comprar os itens lendários da vila dos comerciantes.
24;idle;idle;idle;idle;idle;idle;Rb;E lá vamos nós com as nerdices de novo…
24;idle;idle;idle;idle;idle;idle;Na;A mulher de vestido desiste da sua moral trabalhista e pega seu celular para assistir alguns vídeos curtos com dopamina barata.
24;idle;idle;idle;idle;idle;idle;Rf;São ladinos larápios! Saqueadores invisíveis!
24;idle;idle;idle;idle;idle;idle;Rf;Senhores da fraude e da chantagem, que marcham não com espadas, mas com maldições de criptografia, pergaminhos de extorsão e pragas digitais capazes de sufocar reinos inteiros.
24;idle;idle;idle;idle;idle;idle;Rf;São goblins com sede por ouro! Mas também são feiticeiros…
24;idle;idle;idle;idle;idle;idle;Rf;Podem ser espécie goblin e classe feiticeiro… talvez subclasse ladino? Eles aprenderam a magia ou têm algum pacto com uma entidade do hacking?
24;idle;idle;idle;idle;idle;idle;Rf;Preciso conferir o livro mais tarde para conferir se não há conflito de build.
24;idle;idle;idle;idle;idle;idle;Na;O jovem de poucos amigos se perde em suas RPGzices, antes de voltar à pose épica de sempre.
24;idle;idle;idle;idle;idle;idle;Rf;Eles trancam tesouros sob feitiços indecifráveis, selam cofres com runas malignas… ou transformam tudo em mímicos.
24;idle;idle;idle;idle;idle;idle;Rf;Mímicos são criaturas mágicas em forma de baú com uma boca enorme, que atacam aventureiros desavisados quando tentam abrir o tesouro, caso você esteja se perguntando.
24;idle;idle;idle;idle;idle;idle;Na;Receio que ninguém estava.
24;idle;idle;idle;idle;idle;idle;Rf;Seus alvos favoritos são os grandes cofres dos monarcas, os templos da cura e aqueles que distribuem pães e brioches para a população.
24;idle;idle;idle;idle;idle;idle;Rq;Setor financeiro, hospitais e cadeias de suprimentos.
24;idle;idle;idle;idle;idle;idle;Rf;Eles invadem as bibliotecas sagradas, selam todos os pergaminhos com runas indecifráveis…
24;idle;idle;idle;idle;idle;idle;Rf;E como esquecer das grandes investidas de phishing! Que são quando um grupo de piratas tenta pescar um Kraken—
24;idle;idle;idle;idle;idle;idle;Rq;Vou precisar interrompê-lo novamente, senhor Medina.
24;idle;idle;idle;idle;idle;idle;Rq;O senhor sempre extrapola em suas analogias medievais. Reconheço seu esforço em se divertir durante o trabalho, mas é precisamente por isso que o chamam de trabalho.
24;idle;idle;idle;idle;idle;idle;Rq;Também devo reforçar que phishing não possui relação direta com pescaria, para que não haja confusões futuras.
24;idle;idle;idle;idle;idle;idle;Rf;Droga… Bem que podia. Seria que nem em One Peace.
24;idle;idle;idle;idle;idle;idle;Rq;Em termos menos performáticos, estamos falando de agentes com motivação econômica, focados em lucro rápido e em múltiplas extorsões.
24;idle;idle;idle;idle;idle;idle;Rq;São criminosos que atuam com criptografia, vazamento de dados e negação de serviço.
24;idle;idle;idle;idle;idle;idle;Rq;Além deles, existem agentes patrocinados por Estados ou por grupos militares.
24;idle;idle;idle;idle;idle;idle;Rq;Nesses casos, o objetivo costuma envolver espionagem estratégica ou o posicionamento prévio em infraestruturas críticas de energia, telecomunicações e defesa do alvo.
24;idle;idle;idle;idle;idle;idle;Rq;Em certos círculos, costuma-se dizer que você ainda não trabalha com SOC de verdade até rastrear uma ameaça terrorista antes mesmo que ela se concretize.
24;idle;idle;idle;idle;idle;idle;Rf;Que foda!
24;idle;idle;idle;idle;idle;idle;Rf;Quando é que posso participar de um trem desses?
24;idle;idle;idle;idle;idle;idle;Rq;Com sorte, nunca.
24;idle;idle;idle;idle;idle;idle;Rq;Esse tipo de ocorrência é consideravelmente menos frequente do que o imaginário popular sugere, principalmente em SOCs brasileiros.
24;idle;idle;idle;idle;idle;idle;Rq;Apenas julguei apropriado tornar a profissão marginalmente mais atrativa aos nossos telespectadores.
24;idle;idle;idle;idle;idle;idle;Rb;Se a ideia era fazer isso, talvez não fosse tão esperto admitir agora, né, mona?
24;idle;idle;idle;idle;idle;idle;Na;Rebeca nem tira os olhos do celular enquanto provoca Raquel.
24;idle;idle;idle;idle;idle;idle;Rq;…
25;idle;idle;idle;idle;idle;idle;Rq;É possível que a ameaça também venha de dentro das organizações.
25;idle;idle;idle;idle;idle;idle;Rf;Traidores! Isso acontece direto nas sessões.
25;idle;idle;idle;idle;idle;idle;Rq;Existem diversas formas. Temos os colaboradores negligentes ou distraídos que cometem equívocos facilmente evitáveis.
25;idle;idle;idle;idle;idle;idle;Rq;Também há aqueles insatisfeitos com seus trabalhos e que acabam aceitando qualquer coisa apenas para sentir um pouco de adrenalina em suas vidas entediantes.
25;idle;idle;idle;idle;idle;idle;Rq;Há os coagidos, os únicos pelos quais realmente sinto alguma pena, já que são ameaçados pelos cibercriminosos.
25;idle;idle;idle;idle;idle;idle;Rq;Há os gananciosos, que acreditam sinceramente que uma fração mínima de um roubo em criptomoedas irá transformar suas vidas… O que apenas evidencia o quanto certos coaches financeiros da internet apodrecem o raciocínio humano.
25;idle;idle;idle;idle;idle;idle;Rq;E por último, e menos importantes para uma sociedade funcional, são os infiltrados.
25;idle;idle;idle;idle;idle;idle;Rq;Traidores, como bem disse o analista pleno. Mereciam uma pancada corretiva nas costas para desenvolver algum juízo.
25;idle;idle;idle;idle;idle;idle;Na;Raquel sente vontade de golpear alguma coisa somente de pensar sobre esses colaboradores.
25;idle;idle;idle;idle;idle;idle;Rq;Ainda assim, sem todos eles, teríamos consideravelmente menos trabalho pelo qual seríamos pagos.
25;idle;idle;idle;idle;idle;idle;Na;Rebeca e Rafael concordam com a cabeça, é interessante ser pago.
26;idle;idle;idle;idle;idle;idle;Rq;Com a motivação ideológica, os grupos hacktivistas utilizam técnicas de hacking e negação de serviço para promover agendas políticas ou sociais.
26;idle;idle;idle;idle;idle;idle;Rq;Buscam prejudicar a reputação do alvo ou influenciar a opinião pública em torno de uma causa política ou social.
26;idle;idle;idle;idle;idle;idle;Rq;Suas ações podem ser direcionadas a indivíduos, organizações, agências governamentais ou até países, frequentemente com foco na exposição de informações confidenciais.
26;idle;idle;idle;idle;idle;idle;Rq;Atualmente, grupos hacktivistas estão envolvidos em alguns dos principais conflitos políticos do cenário mundial, como os embates entre Israel e Irã, Israel e Palestina, Índia e Paquistão e Tailândia e Camboja.
26;idle;idle;idle;idle;idle;idle;Rq;E peço, por obséquio, que não me questionem sobre esses casos. Não gostaria de transformar esta conversa em um debate político interminável. Trata-se apenas de uma citação contextual.
26;idle;idle;idle;idle;idle;idle;Rb;Nossa, eu odeio guerras!
26;idle;idle;idle;idle;idle;idle;Rq;Apesar de ser uma constatação simples, é uma com a qual posso concordar.
26;idle;idle;idle;idle;idle;idle;Rf;Guerra só é legal nas sessões de RPG… ou nos filmes da Maravi.
26;idle;idle;idle;idle;idle;idle;Rf;Como quando o Lampião Noturno quebrou o congelador quântico do Senhor Geada por acidente e isso gerou uma batalha entre eles!
26;idle;idle;idle;idle;idle;idle;Na;O colecionador de HQs recita animado os acontecimentos dos personagens fictícios que causaram uma guerra fictícia no universo fictício.
27;idle;idle;idle;idle;idle;idle;Rq;A execução de um ataque cibernético pode começar de diferentes formas.
27;idle;idle;idle;idle;idle;idle;Rq;Pela exploração de vulnerabilidades em dispositivos e sistemas, por meio de engenharia social ou através de campanhas de phishing.
27;idle;idle;idle;idle;idle;idle;Rq;E, antes que alguém cometa um equívoco previsível: engenharia social não tem relação com o planejamento ou a construção de estruturas.
27;idle;idle;idle;idle;idle;idle;Rq;Trata-se da manipulação psicológica de um indivíduo para que ele revele informações confidenciais ou conceda acesso não autorizado.
27;idle;idle;idle;idle;idle;idle;Rb;Eu conheço várias falsianes por aí que adoraaaam fazer engenharia social, pelo que parece…
27;idle;idle;idle;idle;idle;idle;Na;A auto apelidada como Beca tem mais amigas falsas do que semanas sem faltas em seu trabalho.
27;idle;idle;idle;idle;idle;idle;Rq;Já o phishing é um tipo de ataque que utiliza engenharia social por meio de e-mails, mensagens ou páginas com aparência legítima, mas fraudulentas.
27;idle;idle;idle;idle;idle;idle;Rq;O objetivo é obter informações sensíveis, credenciais de acesso ou abrir caminho para ataques posteriores.
27;idle;idle;idle;idle;idle;idle;Rq;Uma vez estabelecido o acesso inicial, os agentes de ameaça podem implantar códigos maliciosos para assumir o controle dos sistemas.
27;idle;idle;idle;idle;idle;idle;Rq;Isso permite desde a exfiltração de informações até a alteração, sabotagem ou bloqueio de aplicações e serviços.
27;idle;idle;idle;idle;idle;idle;Rf;Tem que explicar algumas palavras, Soberana. Nem todos aqui dominam os pergaminhos e grimórios da segurança digital que nem eu.
27;idle;idle;idle;idle;idle;idle;Na;Rafael dá uma leve olhada para a mulher ao seu lado.
27;idle;idle;idle;idle;idle;idle;Rb;Indireta pra mim, fofa?!
27;idle;idle;idle;idle;idle;idle;Rq;Malwares são códigos maliciosos desenvolvidos para causar danos, roubar dados, espionar atividades ou permitir acessos indevidos.
27;idle;idle;idle;idle;idle;idle;Rq;Já a exfiltração de dados é a transferência não autorizada de informações de um sistema para um ambiente controlado pelo atacante.
27;idle;idle;idle;idle;idle;idle;Rq;Entre as variedades de ataques, destaca-se o ransomware. Um código malicioso projetado para criptografar dados, impedindo o acesso legítimo a eles.
27;idle;idle;idle;idle;idle;idle;Rq;A partir disso, os criminosos exigem o pagamento de um resgate para a liberação, muitas vezes acompanhado da ameaça de vazamento das informações roubadas.
27;idle;idle;idle;idle;idle;idle;Rq;É como eliminar dois coelhos com um só impacto contundente.
27;idle;idle;idle;idle;idle;idle;Rb;Tadinho dos coelhos!
27;idle;idle;idle;idle;idle;idle;Rb;Por que alguém faria uma maldade dessas com uns bichinhos tão fofos?
27;idle;idle;idle;idle;idle;idle;Rq;É apenas uma expressão popular.
27;idle;idle;idle;idle;idle;idle;Rq;Nenhum mamífero de orelhas proeminentes foi neutralizado de fato…
27;idle;idle;idle;idle;idle;idle;Na;A gestora precisava de férias.
27;idle;idle;idle;idle;idle;idle;Rq;Enfim, prosseguindo.
27;idle;idle;idle;idle;idle;idle;Rq;Outra forma de ataque é a negação de serviço, que basicamente reproduz o que muitos funcionários já fazem atualmente, porém sem qualquer vínculo com atividades cibernéticas ilícitas.
27;idle;idle;idle;idle;idle;idle;Rq;Nossos colaboradores costumam apenas ser preguiçosos e dedicam mais tempo aos próprios aparelhos portáteis do que o estritamente necessário.
27;idle;idle;idle;idle;idle;idle;Rq;Já a negação de serviço no caso de hacking trata-se de uma técnica capaz de paralisar operações por meio do envio massivo de tráfego malicioso contra a infraestrutura do alvo.
27;idle;idle;idle;idle;idle;idle;Rq;No entanto, nem toda ameaça busca impacto imediato.
27;idle;idle;idle;idle;idle;idle;Rq;As APTs se caracterizam por operações prolongadas que podem se desenrolar ao longo de meses ou até anos.
27;idle;idle;idle;idle;idle;idle;Rq;Nesses casos, o agente de ameaça costuma priorizar movimentação lateral e permanência silenciosa no ambiente comprometido.
27;idle;idle;idle;idle;idle;idle;Rq;O objetivo é consolidar acesso, expandir controle e preparar ações futuras sem chamar atenção. É preciso muita paciência e falta de família em casa.
27;idle;idle;idle;idle;idle;idle;Rf;Quando jogo de ladino, uso bastante movimentação lateral.
27;idle;idle;idle;idle;idle;idle;Rf;Já que meu ladino sempre anda de ladinho, hahaha!
27;idle;idle;idle;idle;idle;idle;Na;O cavaleiro das telas ri sozinho, enquanto suas colegas querem arrancar as próprias orelhas.
27;idle;idle;idle;idle;idle;idle;Rf;Aiai…
27;idle;idle;idle;idle;idle;idle;Rf;Mas também serve como analogia à segurança cibernética!
27;idle;idle;idle;idle;idle;idle;Rf;Tipo assim, eu entro em modo stealth, bem quietin, e dou um jeito de pegar o acesso inicial de um guarda… às vezes é uma chave, às vezes uma senha rúnica.
27;idle;idle;idle;idle;idle;idle;Rf;A partir daí, meu personagem pode circular pelo sistema, que seria um cofre ou uma sala protegida, em busca dos ativos de maior valor.
27;idle;idle;idle;idle;idle;idle;Rf;Já consegui uma rapieira que dava 8d12 de dano perfurante sem contar os bônus só fazendo isso. Muito foda!
27;idle;idle;idle;idle;idle;idle;Rq;Devo parabenizá-lo pela analogia, apesar da minha notória falta de familiaridade com jogos de tabuleiro de interpretação de personagem.
27;idle;idle;idle;idle;idle;idle;Rf;Agradeço, Soberana.
27;idle;idle;idle;idle;idle;idle;Na;O nosso escudeiro digital favorito faz uma reverência.
27;idle;idle;idle;idle;idle;idle;Na;A personificação da formalidade fica levemente constrangida.
28;idle;idle;idle;idle;idle;idle;Rq;Agora daremos uma leve aprofundada em defacement, que já foi explicado brevemente anteriormente.
28;idle;idle;idle;idle;idle;idle;Rq;Trata-se de um tipo de ataque que consiste na alteração da aparência visual de um site ou página web, como exemplificado pela imagem da modificação da página de sustentabilidade da empresa de petróleo que citamos anteriormente.
28;idle;idle;idle;idle;idle;idle;Rq;"Em termos menos sofisticados, pode ser chamado de ""pichação“ ou “vandalismo”."
28;idle;idle;idle;idle;idle;idle;Rb;Pichação também é um tipo de arte! Eles só querem se expressar.
28;idle;idle;idle;idle;idle;idle;Rq;Não gostaria de adentrar nessa discussão…
28;idle;idle;idle;idle;idle;idle;Na;Raquel abaixa levemente o tom de voz, tentando evitar um conflito de opiniões.
28;idle;idle;idle;idle;idle;idle;Rb;Depois que te cancelarem, não vem chorar pra mim, querida!
28;idle;idle;idle;idle;idle;idle;Na;A senhorita RH faz um gesto de desdém.
28;idle;idle;idle;idle;idle;idle;Rq;Geralmente, ataques de defacement estão ligados à ativismo digital, protestos políticos, tentativa de prejudicar a reputação das vítimas ou, simplesmente, ao desejo infantil de hackers de se vangloriar por invadir sistemas bem protegidos.
28;idle;idle;idle;idle;idle;idle;Rb;Que sem noção…
28;idle;idle;idle;idle;idle;idle;Rq;Além disso, o atacante pode obter lucros, redirecionando o tráfego para sites infectados.
28;idle;idle;idle;idle;idle;idle;Rq;Para conseguir alterar o conteúdo do site da vítima, o atacante pode utilizar credenciais comprometidas e vulnerabilidades em aplicações, permitindo a alteração dos arquivos no servidor web.
28;idle;idle;idle;idle;idle;idle;Rq;No ataque de defacement ao site da…esplêndida…PetroCais, o atacante utilizou o método HTTP PUT para injeção de arquivo malicioso, sobrescrevendo a página original.
29;idle;idle;idle;idle;idle;idle;Rq;Como é possível ver na imagem, o grupo hacktivista que citamos fez alterações nos conteúdos da página de sustentabilidade da petrolífera, inserindo textos de caráter chocante e irônico, em clara dissonância com o padrão corporativo chapa-branca predominante no restante do site.
29;idle;idle;idle;idle;idle;idle;Rq;Também foram inseridas imagens, incluindo a de um oceano poluído, já desmentida pela empresa… que afirmou não haver qualquer responsabilidade sobre o ocorrido… conforme reiterado por representantes institucionais: “Quem nos conhece, sabe.”...
29;idle;idle;idle;idle;idle;idle;Rq;Bem como uma captura de tela manipulada, retratando uma suposta conversa entre Enzo Kaiser e a proprietária da PubliCorrupt… a qual, evidentemente, jamais ocorreu… sendo integralmente forjada e adulterada…
29;idle;idle;idle;idle;idle;idle;Rq;Um momento…
29;idle;idle;idle;idle;idle;idle;Na;Raquel se afasta lentamente e toma um gole de chá de camomila, com o corpo levemente trêmulo.
29;idle;idle;idle;idle;idle;idle;Rb;Ela… tá bem?
29;idle;idle;idle;idle;idle;idle;Na;Rebeca sussurra para Rafael, que apenas dá de ombros.
29;idle;idle;idle;idle;idle;idle;Rq;Retomando…
29;idle;idle;idle;idle;idle;idle;Rq;Para conseguir alterar o conteúdo do site da vítima, o atacante geralmente utiliza credenciais fracas com o uso de senhas padrão ou via força bruta em painéis administrativos ou servidores de FTP.
29;idle;idle;idle;idle;idle;idle;Rb;Porque os servidores têm um palavrão como nome?
29;idle;idle;idle;idle;idle;idle;Rq;FTP não é FDP, existe claramente uma letra bem diferente.
29;idle;idle;idle;idle;idle;idle;Rq;A sigla significa File Transfer Protocol, ou Protocolo de Transferência de Arquivos. É usado para enviar e receber arquivos entre sistemas.
29;idle;idle;idle;idle;idle;idle;Rq;O atacante pode utilizar vulnerabilidades de aplicações, como falhas que permitem ao invasor alterar arquivos no servidor web.
29;idle;idle;idle;idle;idle;idle;Rq;Esse ataque pode causar impactos na organização alvo, como a perda de credibilidade, indisponibilidade de serviços e dar muita dor de cabeça para resolvermos depois.
30;idle;idle;idle;idle;idle;idle;Rq;Para a proteção contra o ataque de pichação, a organização pode utilizar várias técnicas de segurança.
30;idle;idle;idle;idle;idle;idle;Rq;Um dos exemplos é a utilização de mecanismos de autenticação com múltiplos fatores ou senhas fortes, como:
30;idle;idle;idle;idle;idle;idle;Rq;Ene, três, jota, traço… bê, u, u de novo…
30;idle;idle;idle;idle;idle;idle;Rb;Meu bem, você não precisa falar cada letrinha, né?
30;idle;idle;idle;idle;idle;idle;Rq;Uh… provavelmente você tenha razão.
30;idle;idle;idle;idle;idle;idle;Na;A gestora fica sem jeito por conta do seu vacilo.
30;idle;idle;idle;idle;idle;idle;Rq;Também deve manter servidores e sistemas atualizados, além de fazer backups regulares, e usar ferramentas de monitoramento para detectar alterações não autorizadas ou acessos suspeitos.
30;idle;idle;idle;idle;idle;idle;Rq;Além disso, deve manter práticas de desenvolvimento de códigos seguros, prevendo ataques de injeção de códigos e roubos de sessões, evitando a utilização de scripts maliciosos.
30;idle;idle;idle;idle;idle;idle;Rf;Nobre aventureiro! Jamais negligencie vossos servidores… mantenha todos atualizados como lâminas bem afiadas, prontas para o combate.
30;idle;idle;idle;idle;idle;idle;Rf;E, acima de tudo, rejeite scripts maliciosos, pois são como relíquias perigosas… Muito poderosas, porém corrompem quem usa…
30;idle;idle;idle;idle;idle;idle;Rf;Como os braceletes de nãoseioquêmium que a Mulher Maravi usou pra matar o vilão no último filme!
30;idle;idle;idle;idle;idle;idle;Na;Rebeca se questiona mentalmente se Rafael não fugiu de um sanatório e entrou ali por engano.
31;idle;idle;idle;idle;idle;idle;Rq;No ataque de defacement ao site da petrolífera, como ilustra a imagem, o atacante utilizou o método HTTP PUT para realizar a injeção de um arquivo malicioso, sobrescrevendo a página original.
31;idle;idle;idle;idle;idle;idle;Rq;Observa-se, no registro superior, uma requisição de acesso legítimo à página de login, seguida por uma requisição do tipo PUT direcionada ao arquivo home.html.
31;idle;idle;idle;idle;idle;idle;Rq;Essa sequência evidencia a substituição do conteúdo original por uma versão adulterada, permitindo a alteração direta da interface do site.
31;idle;idle;idle;idle;idle;idle;Rb;O jeito mais nerdola de dizer que enfiaram um monte de mentirada na página.
31;idle;idle;idle;idle;idle;idle;Rq;Claro…“mentirada”…
31;idle;idle;idle;idle;idle;idle;Na;A mestre da segurança cibernética coloca a mão no rosto e esfrega os olhos.
31;idle;idle;idle;idle;idle;idle;Rq;Ressalta-se que esse tipo de método, quando indevidamente exposto, representa uma falha significativa de configuração e controle de acesso.
31;idle;idle;idle;idle;idle;idle;Rb;Melhorem!
31;idle;idle;idle;idle;idle;idle;Na;A representante do RH realiza um gesto que ela mesma consideraria “lacrador”.
31;idle;idle;idle;idle;idle;idle;Rq;Diante de tudo o que foi exposto, …
32;idle;idle;idle;idle;idle;idle;Rq;Congratulações! Você completou a A.U.L.A.!
32;idle;idle;idle;idle;idle;idle;Rq;Sua recompensa consiste na aquisição de conhecimentos em cibersegurança de forma inteiramente gratuita…
32;idle;idle;idle;idle;idle;idle;Rq;Bem como na sensação de conclusão, capaz de estimular a liberação de pequenas doses de dopamina.
32;idle;idle;idle;idle;idle;idle;Rb;Parabéns, divos!
32;idle;idle;idle;idle;idle;idle;Na;A especialista em referências asiáticas sorri para a câmera e faz um coração coreano com a mão.
32;idle;idle;idle;idle;idle;idle;Rb;Ufa, finalmente acabou…
32;idle;idle;idle;idle;idle;idle;Rf;Peraí! Deixa eu mostrar meu desenho!
32;idle;idle;idle;idle;idle;idle;Rq;Desenho? Do que está falando?
32;idle;idle;idle;idle;idle;idle;Na;Rafael se levanta, vai até o computador conectado ao projetor e envia uma imagem para a tela.
33;idle;idle;idle;idle;idle;idle;Rf;Tcharam!
33;idle;idle;idle;idle;idle;idle;Rf;A capa da nossa própria aventura de T&B, se algum dia acontecer.
33;idle;idle;idle;idle;idle;idle;Rf;O que acharam?
33;idle;idle;idle;idle;idle;idle;Rq;Gostaria de deixar registrado que jamais autorizei a produção deste material.
33;idle;idle;idle;idle;idle;idle;Rq;Em primeiro lugar, não utilizo magia. Trabalho com protocolos, procedimentos e gestão de incidentes.
33;idle;idle;idle;idle;idle;idle;Rq;Em segundo... por que exatamente eu estou vestida como uma criança em uma festa de halloween escolar ou como uma adulta que nunca cresceu em um evento de fantasias?
33;idle;idle;idle;idle;idle;idle;Rf;Eu diria que a representação ficou extremamente fiel!
33;idle;idle;idle;idle;idle;idle;Rq;Senhor Medina, peço encarecidamente que pare de incentivar esse tipo de conduta.
33;idle;idle;idle;idle;idle;idle;Na;Raquel continua encarando o desenho em silêncio por alguns segundos.
33;idle;idle;idle;idle;idle;idle;Rq;Apesar disso...
33;idle;idle;idle;idle;idle;idle;Rq;Admito que o tom de cabelo ciano realmente combinou comigo.
33;idle;idle;idle;idle;idle;idle;Rb;Aeee!
33;idle;idle;idle;idle;idle;idle;Rf;Agradeço, minha nobre soberania!
33;idle;idle;idle;idle;idle;idle;Rf;E você, Rebeca?
33;idle;idle;idle;idle;idle;idle;Rb;…
33;idle;idle;idle;idle;idle;idle;Rb;Por que eu pareço uma cosplayer de demoninha?!
33;idle;idle;idle;idle;idle;idle;Rq;Desliga logo essa câmera.
