Slide;Pular Tópico;Personagem 1 Corpo;Personagem 1 Rosto;Personagem 2 Corpo;Personagem 2 Rosto;Personagem 3 Corpo;Personagem 3 Rosto;Origem Texto;Dialogo
0;;;;;;;;Na;Em uma das salas de reuniões mais antigas no prédio da sede da PetroCais, alguns funcionários nada especialistas na área se preparam para gravar um vídeo de treinamento para iniciantes em segurança cibernética.
1;;Falando;Feliz;;Feliz;;Feliz;Gu;Eaí, boa noite.
1;;Falando;;;;;;Gu;…
1;;;;Falando;;;;Th;…
1;;;Surpresa;Falando;Vergonha;;Surpresa;Th;Com licença, ahn…
1;;Reagindo;Surpresa;Falando;Surpresa;Reagindo;Surpresa;Th;Senhor Gustavo, você não devia começar a apresentação?
1;;Falando;;;;;;Gu;É isso mesmo. “Devia” do verbo não devo mais.
1;;Falando;;;;;;Gu;Minha apresentação foi essa.
1;;;;Falando;;;;Th;Oh…
1;;Falando;Vergonha;;Surpresa;;Surpresa;Gu;Ishi, foi mal.
1;;Falando;Surpresa;Reagindo;Surpresa;Reagindo;Surpresa;Gu;Viajei, né?
1;;Falando;;;;;;Gu;Esse trabalho me deixa com a cabeça fervendo.
1;;;;;;;;Na;O senhor calvo esfrega a própria testa.
1;;Falando;;;;;;Gu;Cê não tem culpa, moça. Me avisa se perceber que eu pirei de novo.
1;;;Feliz;Falando;Feliz;;Feliz;Th;Certo… Conte comigo!
1;;Falando;Feliz;;Feliz;;Feliz;Gu;Enfim, boa noite, cara!
1;;;;;;;;Na;O integrante de óculos vira para a câmera.
1;;Falando;Surpresa;;Feliz;;Feliz;Gu;Espero que esteja confortável, ao invés de numa sala fria que nem a gente, haha!
1;;Extra;Extra;Extra;Medo;Reagindo;Medo;Gu;Pra chegar aqui, você deve ter passado no segundo teste. Boa!
1;;Falando;;;;;;Gu;O pessoal lá de cima me obriga a dizer que quem tiver vendo isso tá proibido de mostrar pra outras pessoas, se não o advogado aqui vai processar geral.
1;;Falando;;;;;;Gu;Então não diga que não avisei, fi.
1;;;;;;Falando;;An;Será um grande prazer.
1;;;;;;;;Na;O homem de terno me dá um pouco de medo.
1;;Falando;;;;;;Gu;Essa apresentação foi fornecida pela C.A.F.E., o SOC parceiro da PC.
1;;Falando;Feliz;;Surpresa;;Surpresa;Gu;Nenhum de nóis entende po-... coisa nenhuma de ciber, então vamos tentar improvisar com o que a Raquel passou pra gente.
1;;;Feliz;Falando;Feliz;;Feliz;Th;Daremos o nosso melhor!
1;;Falando;;;;;;Gu;É… fale por você.
1;;Falando;;;;;;Gu;Pra não sobrecarregar ninguém com esses assuntos complicados de ciber, a gente separou as coisas.
1;;Falando;Surpresa;;;;;Gu;Que nem eu e minha antiga esposa, haha…
1;;;;;;;;Na;O divorciado dá um sorriso sem graça.
1;;Falando;;;;;;Gu;Cada um dos tópicos terá primeiro um resumão e o resto depois.
1;;Falando;;;;;;Gu;Você pode escolher se vai querer ver tudo ou só pular pra próxima parte.
1;;;;;;Falando;;An;Conforme previsto nas cláusulas contratuais da PetroCais, ignorar a apresentação referente às gloriosas contribuições da companhia ao setor energético constitui potencial violação de conduta institucional.
1;;;;;;Falando;;An;Tal infração poderá acarretar processos judiciais e determinações restritivas que inviabilizam sua circulação em ambientes públicos.
1;;Falando;Surpresa;;;;;Gu;Caramba…
1;4;Falando;Surpresa;Extra;Extra;Reagindo;Surpresa;Gu;Eaí, qual vai ser?
1;;Falando;;;;;;Gu;Show, vamo começar de uma vez.
2;;Falando;;;;;;Gu;Pegaram logo essa foto…
2;;;;;;;;Na;O sujeito da polo corporativa observa o slide e suspira com desdém.
2;;Falando;;;;;;Gu;Dane-se.
2;;Falando;;;;;;Gu;Meu nome é Gustavo, mas você pode me chamar de Gus.
2;;Falando;;;;;;Gu;Ou de Tavo.
2;;Falando;;;;;;Gu;…
2;;Falando;;;;;;Gu;Podem ir, falem.
2;;Reagindo;Vergonha;Falando;Vergonha;;;Th;Me perdoe, senhor Gusta- Gus…
2;;;;Falando;Surpresa;;;Th;Mas devo relembrar que precisamos informar nossas competências profissionais também.
2;;Extra;Extra;;;;;Gu;Droga, é mesmo.
2;;;;;;Falando;;An;Tsc, tsc.
2;;Falando;;;;;;Gu;Tá, vamo ver…
2;;;;;;;;Na;O profissional pouca-telha usa diversos de seus neurônios cansados para acessar essa informação.
2;;Falando;;;;;;Gu;Sou formado em Ciência da Computação, trabalhei com quase tudo que envolve TI nessa vida.
2;;Falando;Feliz;;;;;Gu;Como suporte técnico de hotel, suporte técnico de salão de beleza, suporte técnico de animatrônicos de uma pizzaria infantil que só abria a noite…
2;;Falando;;;;;;Gu;Geralmente sempre como suporte técnico mesmo.
2;;Falando;;;;;;Gu;Hoje em dia eu trampo como gerente de TI na PC.
2;;Falando;;;;;;Gu;Cuido da infraestrutura, redes, administração de sistemas, bancos de dados, servidores e um montão de coisa que não tava no meu contrato…
2;;;;;;;;Na;Gustavo olha para a câmera e lembra que está sendo filmado.
2;;Falando;Feliz;;Feliz;;Feliz;Gu;Mas tudo são experiências para o meu crescimento profissional!
2;;Falando;;Reagindo;;;;Gu;Agora é contigo, Thayná.
2;;;;Falando;Feliz;;;Th;Certo…
2;;;Feliz;Falando;Feliz;;Feliz;Th;Oiê! Me chamo Thayná Portaluppi Avoss.
2;;;;Falando;;;;Th;Tenho 38 anos, sou de Libra com ascendente em Peixes e possuo descendência da tribo Guarani por parte da família da minha mãe.
2;;Reagindo;Surpresa;Reagindo;Surpresa;Falando;Surpresa;An;E onde exatamente está seu arco e flecha?
2;;;;Falando;;Reagindo;;Th;Senhor André, esse tipo de estereótipo é bastante ultrapassado.
2;;;;Falando;;;;Th;Povos originários utilizam roupas, tecnologias e costumes considerados modernos há muitos anos, como qualquer outra pessoa.
2;;;;Falando;Surpresa;;;Th;Ainda assim, buscamos manter nossa cultura viva com festividades, rituais e contos.
2;;Falando;Feliz;;;;;Gu;Tá, preconceito é muito paia e tal, mas vamos voltar a fita.
2;;Falando;;;;;;Gu;Cê não precisa apresentar a autobiografia completa, não estamos montando outro livro que nem aquele do Pedro Kaiser.
2;;Falando;;;;;;Gu;Só fala a parte profissional.
2;;;;Falando;Vergonha;;;Th;Desculpe…
2;;;;Falando;;;;Th;Tenho formação em Relações Internacionais e mestrado em Ciências Sociais.
2;;;;Falando;;;;Th;Atualmente, atuo como relações públicas na petrolífera PetroCais.
2;;;;Falando;;;;Th;Sou responsável pela elaboração de discursos institucionais utilizados pelo nosso CEO, além da comunicação das principais atualizações da empresa para a mídia, especialmente nas áreas de diversidade, sustentabilidade e responsabilidade social.
2;;;;Falando;;;;Th;Também procuro contribuir para que o ambiente corporativo seja um pouquinho mais acolhedor e humano.
2;;;Feliz;Falando;Feliz;;Feliz;Th;Será um prazer acompanhar vocês hoje!
2;;;;;;;;Na;A garota gentileza dá um sorriso para a câmera.
2;;Falando;;;;;;Gu;Uhh… Quanta forçação.
2;;Falando;;;;Reagindo;;Gu;Vai lá, André. Sua vez.
2;;;;;;Falando;;An;Iniciei minha trajetória profissional aos 18 anos, seguindo carreira militar, onde permaneci até alcançar um alto cargo de comando.
2;;;;;;Falando;;An;Após esse período, decidi migrar para o setor jurídico, aplicando minha experiência em disciplina, hierarquia e segurança institucional à área da advocacia.
2;;;;;;Falando;;An;Atualmente, contribuo na petrolífera citada anteriormente, porém atuo como diretor jurídico há 20 anos.
2;;;;;;Falando;;An;Especializado em direito corporativo, controle de políticas migratórias, defesa da soberania nacional e elaboração de medidas legais para preservação dos valores tradicionais.
2;;Falando;;;;;;Gu;Eita…
2;;Falando;;;;;;Gu;Já tá geral apresentado, então começamos com a parte que vai garantir nosso pagamento.
3;;Falando;;;;;;Gu;Como já falamos, trabalhamos pra petrolífera PetroCais.
3;;Falando;;;;;;Gu;Que eu costumo chamar só de “PC”, porque ninguém merece ficar repetindo esse nome toda hora.
3;;Falando;;;;Reagindo;;Gu;Vou deixar o André falar um pouco sobre ela, já que ele é o puxa-saco oficial da empresa.
3;;;;;;Falando;;An;Seu desprezo por uma das maiores forças econômicas desta nação demonstra exatamente o tipo de raciocínio limitado esperado de alguém com o cérebro corrompido pela turma que odeia a liberdade.
3;;;;;;Falando;Triste;An;A PetroCais é uma multinacional brasileira de classe mundial, amplamente reconhecida por especialistas do setor como uma das principais referências da indústria do petróleo.
3;;;Feliz;;Feliz;Falando;Feliz;An;Uma companhia responsável por movimentar a economia, gerar empregos e sustentar boa parte da infraestrutura energética que mantém este país minimamente funcional.
3;;;;;;Falando;;An;Pedro Kaiser foi um exemplo de patriotismo, disciplina e determinação. Um homem que construiu algo grandioso em vez de passar o dia reclamando do sistema enquanto se entopem de entorpecentes por aí.
3;;Falando;;;;;;Gu;Aliás, falando no homi…
3;;Falando;;;;;;Gu;Dizem que o nome PetroCais surgiu quando o Pedro tava dirigindo um barco e quase se esborrachou chegando no porto.
3;;Falando;Feliz;;Feliz;;Feliz;Gu;Aí alguém gritou: “Pedro, o cais!”
3;;Falando;;;;;;Gu;E ele desviou a tempo.
3;;Falando;Surpresa;;Feliz;;Feliz;Gu;E assim nasceu o nome da empresa, haha!
3;;;;;;;;Na;Gustavo ri sozinho enquanto os colegas permanecem em absoluto silêncio.
3;;Falando;;;;;;Gu;Tá, a PC também tem várias especialidades.
3;;Falando;;;;;;Gu;Os caras conseguem arrancar até a última gota de petróleo até do lugar mais maluco possível.
3;;Falando;;;;;;Gu;Também investem uma grana tentando contratar os melhores profissionais do mercado.
3;;Falando;Feliz;;;;;Gu;Principalmente os que eu gosto de chamar de “funcionários massinha”, que são facilmente moldados pro que a empresa quer vender.
3;;Falando;Vergonha;;Surpresa;;Surpresa;Gu;Na real… Se nós somos os melhores profissionais que eles tem, então isso aí já caiu por terra.
3;;;;;;Falando;;An;Fale exclusivamente por si mesmo.
3;;;;;;Falando;;An;Sou extremamente competente na minha área e altamente requisitado por diversas instituições sérias deste país.
3;;;;Falando;Feliz;;;Th;Modestamente, eu também acredito desempenhar um bom trabalho… dentro das minhas possibilidades, claro.
3;;Falando;;;;;;Gu;Era só uma piadinha, pessoal…
3;;;;Falando;Vergonha;;;Th;Oh… desculpe.
3;;Reagindo;;Falando;;;;Th;Se me permite, senhor Gus.
3;;;;Falando;Feliz;;;Th;Gostaria de concluir essa parte da apresentação.
3;;Falando;;;;;;Gu;Vai lá, fia.
3;;;Triste;Falando;Triste;;Triste;Th;A PetroCais acredita que a energia é muito mais do que apenas um recurso.
3;;;Feliz;Falando;Feliz;;Feliz;Th;Ela movimenta cidades, conecta pessoas e sustenta grande parte da vida moderna como conhecemos hoje!
3;;;;Falando;;;;Th;Por isso, a companhia busca expandir continuamente sua presença global, fortalecendo sua atuação no setor energético e consolidando sua posição entre as maiores empresas petrolíferas do planeta.
3;;;Feliz;Falando;Feliz;;Feliz;Th;Quem sabe, um dia, até mesmo a maior empresa petrolífera do universo observável!
3;;;;;;;;Na;A mulher da presilha colorida dá um pequeno pulo, genuinamente empolgada com as ambições da companhia multimilionária .
3;;Falando;;;;;;Gu;Doidera.
3;;;Triste;Falando;Feliz;;Triste;Th;Embora… infelizmente…
3;;;;Falando;;;;Th;A atuação da empresa também esteja associada a impactos ambientais recorrentes, como episódios de poluição marítima, emissões industriais elevadas e acidentes envolvendo vazamentos de petróleo.
3;;;Feliz;Falando;Feliz;;Feliz;Th;Ainda assim, acredito muito que melhorias são possíveis!
3;;;;Falando;;;;Th;Inclusive, em breve terei outra reunião com o senhor Kaiser para discutirmos novas formas de reduzir os danos ecológicos causados pela empresa.
3;;;;Falando;;;;Th;Ele comentou que só precisamos encontrar um dia em que ele não esteja ocupado levando o peixinho dele para passear.
3;;;Feliz;Falando;Feliz;;Feliz;Th;Acho muito bonitinha a relação que ele tem com os animais!
3;;;;Falando;;;;Th;Apesar de eu ainda não entender exatamente como isso funciona…
3;;Falando;Triste;;;;;Gu;Vish… Coitada da iludida.
3;;;;;;;;Na;O profissional de TI sussurra isso discretamente, tentando evitar que a câmera capte o comentário.
4;;Extra;Extra;Extra;Extra;Reagindo;Medo;Gu;Chega de lambeção!
4;;Falando;;;;;;Gu;Agora é hora dos conteúdos ciberseguranísticos de verdade.
4;;;;;;;;Na;O moço que trabalha demais observa a apresentação.
4;;Falando;;;;;;Gu;Códigos maliciosos.
4;;Extra;Extra;;;;;Gu;São programas que entram na maciota nos sistemas e podem fuçar, quebrar e desgraçar tudo lá dentro.
4;;;;Extra;Medo;;;Th;Que horror…
4;;Falando;Vergonha;;Surpresa;;Surpresa;Gu;Eles podem ferrar com aquele tal de Sid… nem lembro quem é esse maluco.
4;;Reagindo;Surpresa;Falando;Surpresa;Reagindo;Surpresa;Th;Não seria a tríade CID da segurança da informação?
4;;;;Falando;;;;Th;Confidencialidade, Integridade e Disponibilidade, se não estou enganada.
4;;Falando;;;;;;Gu;Pior que era isso mesmo. Valeu.
4;;;Feliz;Falando;Feliz;;Feliz;Th;De nada!
4;;Extra;Extra;;;;;Gu;Enfim, uma praga dessas pode encontrar formas de se espalhar pelo sistema e, depois, ativar o tal do payload pra executar o objetivo final do desgraçado que programou aquilo.
4;;Falando;;;;;;Gu;E existem vários tipos.
4;;Falando;;;;;;Gu;Tem o Worm, que se replica sozinho. O Trojan, que se disfarça de outra coisa.
4;;Falando;;;;;;Gu;O clássico Ransomware, que sequestra os dados. E também Spywares e Backdoors, que são basicamente os espiões da trupe.
4;;Falando;Feliz;;Surpresa;;Surpresa;Gu;Já o MaaS funciona como uma espécie de locadora de ferramentas virtuais.
4;;;;;;Falando;Feliz;An;É estatisticamente improvável que qualquer indivíduo abaixo dos 25 anos compreenda a referência a uma locadora, seu energúmeno.
4;;Falando;;;;;;Gu;Que saco…
4;;Falando;Vergonha;;Surpresa;;Surpresa;Gu;Tá. Basicamente, hackers mais cabeçudos alugam códigos e ferramentas pra hackers broxinhas conseguirem aprontar também.
4;;Falando;;;;;;Gu;E as técnicas de evasão são jeitos desses códigos se camuflar, pra ninguém ver que eles tão comendo teu pc por dentro.
4;;Falando;;;;;;Gu;No geral, é isso aí.
4;;Falando;;;;;;Gu;Se quiser, a gente explica o resto.
4;;Falando;Feliz;;;;;Gu;Mas se não quiser, melhor ainda. Assim eu descanso.
4;;;Feliz;Falando;Feliz;;Feliz;Th;Por favor, conhecimento é importante para qualquer adulto funcional… o que eu espero muito que você seja!
4;;;Feliz;Falando;Feliz;;Feliz;Th;Mas sem julgamentos, claro! Aqui é um espaço acolhedor para todos os tipos de pessoas.
4;14;;;;;Falando;;An;Eu tenho severas objeções a essa última afirmação.
5;;Extra;Extra;;;;;Gu;Como eu falei antes, códigos maliciosos são programas projetados pra fazer merda, que entram num sistema sem ninguém ver.
5;;;;;;Falando;;An;Realizam ações indesejadas, danosas ou não autorizadas em sistemas computacionais.
5;;Falando;;;;;;Gu;Isso, isso…
5;;Falando;;;;;;Gu;O nerd mais velho que já vi.
5;;;;;;;;Na;Gustavo sussurra.
5;;Falando;;;;;;Gu;Esses códigos malditos podem roubar dados, apagar arquivos, travar teu pc ou deixar uma fresta pra um hacker safado esbagaçar sua rede.
5;;;;Falando;Triste;;;Th;É mesmo horrível…
5;;Falando;;;;;;Gu;O ataque começa quando o código consegue se enfiar lá dentro que nem um tatu.
5;;Falando;Surpresa;Reagindo;Surpresa;Reagindo;Surpresa;Gu;E sabe como ele consegue entrar? Quando aquele animal de duas patas do Gean clica na primeira porcaria que vê pela frente!
5;;Falando;Surpresa;Extra;Extra;Reagindo;Surpresa;Gu;E adivinha quem tem que limpar a bagunça do príncipe?
5;;Falando;Feliz;;Feliz;;Feliz;Gu;Soca tudo no cara do TI, ele aguenta! Quero só ver quando eu-
5;;Reagindo;Vergonha;Falando;Vergonha;;;Th;Me perdoe, senhor Gustavo…
5;;;;Falando;;;;Th;Mas o senhor disse para avisar quando…
5;;Falando;;;;;;Gu;É, é, tem razão.
5;;;;;;;;Na;O homem estressado tenta respirar fundo.
5;;Falando;;;;;;Gu;Não vai rolar de novo.
5;;;;;;;;Na;Vai sim.
5;;Falando;Vergonha;;Surpresa;;Surpresa;Gu;Esse código safado tenta ficar na moita dentro do sistema até ativar o tal do payload. É aí que começa a put-... que a festa rola solta e seus dados podem ir pras cucuias.
5;;Reagindo;Surpresa;Falando;Surpresa;Reagindo;Surpresa;Th;Interrompendo novamente… O que o termo “payload” significa?
5;;Falando;Surpresa;Reagindo;Surpresa;Reagindo;Surpresa;Gu;Pagar-carregar? Eu sei lá, não faz pergunta difícil.
5;;;;;;Falando;;An;A sua completa indiferença em relação ao conteúdo apresentado é, de fato, admirável.
5;;;;;;Falando;;An;Conforme me recordo das explicações anteriormente fornecidas pela senhorita Raquel Garcia, “payload” consiste na carga útil vinculada ao código executável responsável pela ação maliciosa propriamente dita.
5;;;Feliz;Falando;Feliz;;Feliz;Th;Obrigada!
5;;Falando;;;;;;Gu;É um papudo esse cara…
5;;;;;;;;Na;Gustavo sussurra para si mesmo.
5;;Falando;;;;;;Gu;Os códigos maliciosos podem ser classificados de acordo com o jeito que eles se enfiam no sistema ou como eles agem depois de tarem lá dentro.
5;;Falando;;;;;;Gu;Aconteceu com a gente, quando aqueles hackers ativistas meteram um ransom dentro da rede da PC.
5;;;Surpresa;Falando;Vergonha;;Surpresa;Th;Não gosto de lembrar disso… Espero que eles peçam desculpas…
5;;Falando;Surpresa;;;;;Gu;Aham, é claro.
5;;;;;;;;Na;Eles claramente não vão.
6;;Falando;;;;;;Gu;O primeiro tipo desses código aí é o… Worm.
6;;Falando;;;;;;Gu;Minhoca em inglês, muito criativo…
6;;Falando;;;;;;Gu;Ele entra automático pela rede através da exploração de vulnerabilidades ou por apps já instalados, criando cópias de si mesmo.
6;;Falando;Feliz;;;;;Gu;Que nem naquele desenho de ninja que a criançada gosta, o Charuto.
6;;;;;;;;Na;Nem André e nem Thayná entenderam a referência.
6;;Falando;Feliz;;;;;Gu;Já o clássico ransom mete uma criptografada pra pegar as informações ou sistemas, exigindo um bom cascalho pra tudo se ajeitar.
6;;Falando;;;;;;Gu;Ransoms também podem exfiltrar os dados. Não faço ideia do que é isso, mas a Raquel já deve ter explicado na outra aula, então dane-se.
6;;Falando;Surpresa;Reagindo;Surpresa;Reagindo;Surpresa;Gu;O Spyware é parecido com… adivinha só?
6;;Falando;Surpresa;;Feliz;;Feliz;Gu;Um espião! Uau!
6;;Falando;Feliz;;Feliz;;Feliz;Gu;Eu também queria trabalhar como criador de nomes pra vírus, parece ser bem fácil.
6;;;;;;;;Na;Nomeadores de vírus de todo o mundo querem escalpelar esse homem agora.
6;;Falando;;;;;;Gu;Spyware serve pra enviar as informações roubadas pro resto da quadrilha.
6;;;;Falando;Surpresa;;;Th;Nossa…
6;;;;;;;;Na;Thayná fica chocada com quase tudo, aparentemente.
6;;Falando;;;;;;Gu;Aí tem esses dois com nome estranho aqui…
6;;Falando;;;;;;Gu;Keylogger rouba os dados de quando alguém digita, por isso o nome.
6;;Falando;;;;;;Gu;Screenlogger consegue pegar os prints de tela.
6;;Reagindo;Surpresa;Falando;Surpresa;Reagindo;Surpresa;Th;O gato de Screenlogger…?
6;;;;;;;;Na;André faz um olhar de desgosto para a representante das relações-públicas.
6;;Falando;;;;;;Gu;Funcionam pelo malware que já infectou o teu sistema ou por um hardware conectado no alvo.
6;;Falando;;;;;;Gu;Então cuidado quando foram printar aquela conversa com a sua namorada pra guardar provas, os caras podem tar na maldade.
7;;Extra;Extra;;Feliz;;Feliz;Gu;Oh, caralho! Cavalo de Troia!
7;;Falando;Feliz;;Feliz;;Feliz;Gu;Sou um grande fã!
7;;Falando;Feliz;;Feliz;;Feliz;Gu;O Cavalo de Tróia é uma famosa estratégia da mitologia grega, foi o primeiro presente de grego já registrado!
7;;Falando;Feliz;;Feliz;;Feliz;Gu;Se bem que cavalo dado não se olha os dentes… Difícil saber qual ditado tá certo.
7;;Falando;Vergonha;;Surpresa;;Surpresa;Gu;O conto diz que depois de anos de guerra sem conseguir invadir Tróia, os gregos meteram o louco, fingiram desistir e zarparam com os navios.
7;;Falando;Vergonha;;Surpresa;;Surpresa;Gu;Antes de ir embora, deixaram pros troianos um gigantesco cavalo de madeira como oferta de paz. Tava mais pra oferta de guerra, fi.
7;;Falando;Feliz;;;;;Gu;Os troianos ficaram pensativos. Tinha gente dizendo que aquilo era mais furado que peneira, tinha sacerdote avisando pra não aceitar se não os deuses iam explodir as esposas de todo mundo ou algo assim.
7;;Falando;Surpresa;Extra;Extra;Reagindo;Surpresa;Gu;Mas no fim, quem não arrisca, não ganha um cavalo de pau muito foda pra colocar no meio da cidade, né não?
7;;;;;;;;Na;Seus colegas decidiram ignorar a questão.
7;;Falando;;;;;;Gu;Como todos já deve saber, lá dentro tava entupido de soldados escondidos.
7;;Falando;Surpresa;Reagindo;Surpresa;Reagindo;Surpresa;Gu;Imagina se um peidasse lá dentro? Haha!
7;;;;;;;;Na;O homem de óculos ri da situação hipotética porque encontra muito humor em flatulências.
7;;Falando;;;;;;Gu;Quando chegou a noite e a cidade tava tomando uma gelada pra comemorar a vitória.
7;;Falando;;;;;;Gu;Os soldados do cavalo de pau saíram na surdina e…
7;;Falando;Feliz;;Feliz;;Feliz;Gu;Vrau! Passaram a pexêra nos guardas!
7;;;;;;;;Na;O hater de troianos imita o movimento de espada com as mãos.
7;;Falando;;;;;;Gu;Depois abriram os portões de Tróia pros resto da rapaziada que já tinha voltado de barco.
7;;Falando;Surpresa;;Feliz;;Feliz;Gu;E aí foi aquela beleza! Tiro, porrada e bomba! Sangue pra todo lado, tripas espalhadas e cabeças rolando no chão…
7;;;;;;;;Na;Thayná tapou os ouvidos e fez uma expressão de angústia, completamente apavorada.
7;;Reagindo;Medo;Extra;Extra;Falando;Bravo;An;Não temos tempo para suas curiosidades históricas imbecis. Faça o seu trabalho direito para que possamos encerrar isso sem mais teatrinho ideológico!
7;;Falando;Feliz;;;;;Gu;Tá bom, cara… Relaxa…
7;;;;;;;;Na;Gustavo também fica apavorado, não passa nem wi-fi.
7;;Falando;;;;;;Gu;Enfim… diferente do advogado parrudo que não entende analogias pensa, o Trojan realmente tem uma ideia parecida com a do Cavalo de Troia original.
7;;Falando;;;;;;Gu;Ele é um malware safado que se disfarça de programa de verdade.
7;;Falando;;;;;;Gu;Uma armadilha fingindo ser presente.
7;;Extra;Extra;;;;;Gu;E depois que a vítima instala aquilo pronta pra matar seu tempo de serviço num joguinho idiota…
7;;Falando;;;;;;Gu;Aí o negócio começa a chupar os preciosos dadinhos dela.
7;;Falando;;;;;;Gu;Depois vem o Backdoor, que aproveitando vulnerabilidades conhecidas deixa uma portinha escancarada no sistema pros hackers safados conseguirem voltar depois.
7;;Falando;;;;;;Gu;E por fim, o Botnet. O nome mais criativo que eu já vi pra um bot que usa internet.
7;;Extra;Extra;;;;;Gu;Ele ajuda a fazer todas as merdas usando uma penca de rede formada por inúmeros pcs bichados.
7;;Falando;;;;;;Gu;Espalham malwares, enviam spams, ataques de negação de serviço e até mineram cripto.
7;;Falando;;;;;;Gu;O amigo do cunhado de uma prima minha pegou um desses no pc e o FBI bateu lá na casa dele por causa de um monte de BrittaCoin minerado.
7;;Falando;;;;;;Gu;Esse dia foi loco.
7;;;;;;Falando;;An;Essa historinha parece ter saído diretamente de algum delírio que teve por conta do álcool.
7;;Falando;;;;;;Gu;Você não tava lá pra saber.
7;;;;;;;;Na;O contador de histórias balança a cabeça, apesar de ter tirado a história de um filme.
8;;Falando;;;;;;Gu;Vamo pra mais um…
8;;Falando;;Reagindo;;;;Gu;Thayná, vai lá, na moral. Já cansei de falar.
8;;;Feliz;Falando;Feliz;;Feliz;Th;Certo… Espero que gostem!
8;;;;Falando;;;;Th;O Malware como serviço, do inglês Malware as a Service, representa a adoção de um modelo de negócio para a comercialização ou aluguel de malwares.
8;;;;Falando;;;;Th;Vou chamar de MaaS, para vocês conseguirem decorar com mais facilidade.
8;;Falando;Surpresa;Reagindo;Surpresa;Reagindo;Surpresa;Gu;MaaS que coisa, não?
8;;;;;;;;Na;O homem de cabelos raros imita uma frase de uma série de televisão famosa de uns 30 anos atrás.
8;;;Triste;Falando;Feliz;;Triste;Th;É até um nominho simpático… pena que seja usado para coisas tão ruins.
8;;;;Falando;;;;Th;Eles servem para disponibilizar diferentes recursos maliciosos, dependendo do que o afiliado pretende fazer com o alvo.
8;;;Feliz;Falando;Feliz;;Feliz;Th;E aquele esqueminha muito fofo mostra justamente como isso funciona!
8;;;Surpresa;Falando;Vergonha;;Surpresa;Th;Lá em cima ficam os desenvolvedores e vendedores, que criam ou alugam ferramentas criminosas como ransomware, botnets, malwares de invasão e até infraestrutura pronta para ataques.
8;;;Surpresa;Falando;Feliz;;Surpresa;Th;Depois aparece o operador MaaS, que funciona como uma espécie de intermediário desse empreendimento terrível.
8;;;Surpresa;Falando;Vergonha;;Surpresa;Th;E abaixo dele ficam os afiliados, que utilizam essas ferramentas contra várias vítimas diferentes.
8;;;;Falando;Surpresa;;;Th;Também existe o bloqueio de acesso para fins de extorsão. Já tentaram extorquir dinheiro da minha vovó uma vez…
8;;;Feliz;Falando;Feliz;;Feliz;Th;É doloroso só de lembrar… Ainda bem que ela não lembra o CPF de cabeça.
8;;;;Falando;;;;Th;Esses serviços também podem ser usados para vazamento de dados, obtenção de acesso inicial e até controle remoto de sistemas comprometidos.
8;;;Feliz;Falando;Surpresa;;Feliz;Th;Ainda assim, compreender esse funcionamento é um passo importante para fortalecermos nossa prevenção e construirmos ambientes digitais mais seguros no futuro!
8;;;;;;;;Na;Thayná tenta transmitir esperança através da própria voz, como se estivesse em um seriado infantil sobre a amizade.
9;;Falando;Feliz;;;;;Gu;Beleza, agora é com o advogado aqui.
9;;;;;;Falando;;An;Vou mostrar para vocês como se apresenta um conteúdo de forma clara e informativa, sem focar em ideologias políticas ou pautas sociais.
9;;;;;;;;Na;Ninguém fez isso.
10;;;Feliz;;Feliz;Falando;Feliz;An;Quando os nossos virtuosos especialistas em segurança encontram um arquivo suspeito, que provavelmente atravessou ilegalmente as fronteiras do sistema sem qualquer autorização, eles trancam esse criminoso digital num centro de detenção virtual.
10;;;Surpresa;;Surpresa;Falando;Vergonha;An;Lá dentro, ele passa por um interrogatório rigoroso para descobrirmos exatamente quais atividades corruptas estava planejando.
10;;;Surpresa;;Surpresa;Falando;Vergonha;An;Os vagabundos que criaram esse malware usam todas suas artimanhas sujas para impedir que antivírus e ferramentas de segurança dos cidadãos de bem descubram os seus planos de controle em massa.
10;;;Surpresa;;Surpresa;Falando;Vergonha;An;Como certas pessoas em cargos de poder por aí fazem...
10;;;;;;;;Na;André parece não se recordar de dizer que iria apresentar o conteúdo sem focar em ideologias políticas.
11;;;;;;Falando;;An;Essas criações robóticas demonizadas conseguem perceber quando estão sendo observados pelas autoridades defensoras do correto.
11;;;;;;Falando;;An;Quando isso acontece, eles se pagam de vítimas da sociedade e perseguidos, com discursos mimizentos vindos diretos da lacrolân-
11;;Extra;Extra;Extra;Extra;Reagindo;Surpresa;Gu;Que merda é essa, cara?! Do quê tu tá falando?
11;;;;Falando;;;;Th;Estou com dúvidas também…
11;;;;Falando;;Reagindo;;Th;Senhor André, acho que o senhor está levando isso um pouco para o lado pessoal…
11;;Reagindo;Surpresa;Extra;Extra;Falando;Surpresa;An;Pessoal?! PESSOAL?!
11;;;Feliz;;Feliz;Falando;Feliz;An;O país inteiro está afundando com esses golpes digitais por causa desses delinquentes irresponsáveis que vivem de mamatas!
11;;Reagindo;Medo;Extra;Extra;Falando;Surpresa;An;Não existe mais autoridade, não existe mais consequência! A justiça está morta e enterrada!
11;;Reagindo;Surpresa;Reagindo;Surpresa;Falando;Surpresa;An;Eles atacam empresas, roubam dados, causam prejuízos milionários, fazem o que bem entendem e vocês ainda sentem pena?!
11;;Reagindo;Surpresa;Extra;Extra;Falando;Surpresa;An;Querem passar a mão na cabeça deles?
11;;;;;;Falando;Feliz;An;Ótimo. Levem esses vagabundos para dentro de casa então e entreguem também a senha do banco, as chaves do carro e os documentos pessoais.
11;;;;;;;;Na;O homem de camisa polo esfrega o rosto em silêncio, claramente arrependido de ter pedido para o André falar a parte dele da apresentação.
11;;;Triste;Falando;Triste;;Triste;Th;Não estamos defendendo as ações deles, apenas…
11;;Falando;Surpresa;Extra;Extra;Reagindo;Surpresa;Gu;Se não for pedir muito, será que dá pra gente voltar a falar das técnicas de evasão?
11;;;Surpresa;;Surpresa;Falando;Vergonha;An;Eu estava precisamente falando delas até ser interrompido por comentários carregados desse sentimentalismo intelectual típico de mentes fracas.
11;;;;;;Falando;;An;Honestamente, essa geração de hoje em dia possui uma capacidade impressionante de transformar qualquer explicação objetiva em um debate emocional completamente desnecessário.
11;;Falando;Surpresa;Reagindo;Surpresa;Reagindo;Surpresa;Gu;Geração de hoje em dia?
11;;Falando;;;;;;Gu;Cara, eu tenho 37 anos…
11;;;;;;Falando;;An;Como eu estava dizendo.
11;;;;;;Falando;;An;Existem diversas estratégias utilizadas por essas ameaças digitais para permanecer ocultas e dificultar o trabalho das autoridades e dos analistas responsáveis pela defesa dos sistemas.
11;;;;;;Falando;;An;Alguns desses programas atrasam deliberadamente sua execução para escapar dos olhos de águia das equipes patrióticas de monitoramento.
11;;;;;;Falando;;An;Outros podem utilizar a técnica conhecida como Sandbox Detection, que permite que identifiquem quando estão sendo executados em centros de contenção digital.
11;;;Surpresa;;Surpresa;Falando;Vergonha;An;Nessas situações, interrompem imediatamente suas atividades criminosas, pois são covardes e medrosos diante da vigilância da lei.
12;;;;;;Falando;;An;Na técnica baseada em tempo, o código malicioso mede o tempo de execução de instruções, introduzindo atrasos para burlar a análise comportamental dos softwares de segurança.
12;;;Feliz;;Feliz;Falando;Feliz;An;Porta-se como um cidadão de bem durante a passagem na fronteira e só revela sua natureza corrupta depois que acredita estar livre da vigilância.
12;;Reagindo;Medo;Extra;Medo;Reagindo;Medo;Th;Nossa… isso parece bem perigoso.
12;;Reagindo;Surpresa;Extra;Extra;Falando;Medo;An;PERIGOSO?!
12;;;Feliz;Falando;Surpresa;;Feliz;Th;Gah!
12;;;;;;;;Na;A mulher se assusta com o grito repentino.
12;;;Feliz;Reagindo;Surpresa;Falando;Surpresa;An;É um risco para toda nossa sociedade, senhorita Thayná!
13;;;;;;Falando;;An;E então chegamos à ofuscação.
13;;;Feliz;;Feliz;Falando;Feliz;An;A técnica favorita desses delinquentes!
13;;;;;;;;Na;O profissional do direito aponta para o slide como se estivesse denunciando um grande traficante de drogas em rede nacional.
13;;;;;;Falando;;An;Os vagabundos revolucionários embaralham o código, criptografam informações e inserem conteúdos da geração do mimimi no meio do programa só para dificultar a análise.
13;;;Surpresa;;Surpresa;Falando;Bravo;An;Transformam o código malicioso numa massa incompreensível de lixo digital para atrasar o trabalho das ferramentas de segurança.
13;;;Feliz;;Feliz;Falando;Feliz;An;E tudo isso porque esses parasitas covardes sabem que não conseguem vencer no talento ou na competência, então precisam se esconder atrás de truques baratos igual rato fugindo da luz.
13;;;Feliz;;Feliz;Falando;Feliz;An;Se dependesse de mim, cada um desses vermes sem mãe estariam mofando numa cela escura pelo resto de suas vidas miseráveis!!
13;;;;;;;;Na;O homem irritadiço balança o punho no ar, com os dentes rangendo.
13;;Falando;;;;;;Gu;Rapaz…
13;;Falando;;;;;;Gu;Acho que ele tá espumando um pouco.
14;;Falando;;;;;;Gu;Tá, já deu. Essa eu mesmo explico.
14;;Falando;Feliz;;;;;Gu;Indicadores de comprometimento.
14;;Falando;;;;;;Gu;Seguinte… imagina a história do João e Maria.
14;;Falando;;;;;;Gu;Eles deixam migalhas de pão pelo caminho pra conseguir voltar pra casa depois.
14;;;Feliz;Falando;Feliz;;Feliz;Th;Minha mãe sempre me contava essa história!
14;;;;Falando;;;;Th;Morria de vontade de comer aquele casarão feito de doces.
14;;Falando;;;;;;Gu;Então, os IoCs são meio que isso aí.
14;;Falando;;;;;;Gu;Só que em vez de levarem pra uma casa que vai te dar diabetes nível 4…
14;;Falando;Vergonha;;Surpresa;;Surpresa;Gu;Esses rastros levam pra um safado tentando ferrar o sistema da empresa.
14;;Falando;;;;;;Gu;Ficar de olho nesses sinais ajuda a diminuir o tempo que o atacante consegue ficar escondido dentro da rede.
14;;Falando;Feliz;;;;;Gu;Os indicadores são classificados em três categorias.
14;;Falando;;;;;;Gu;Tem os de rede, que ficam com as comunicações suspeitas.
14;;Falando;;;;;;Gu;Os de host, que lidam com os processos estranhos e alterações dentro das máquinas.
14;;Extra;Extra;;;;;Gu;E os de e-mail, que pegam phishing, anexos maliciosos e qualquer outra porcaria que aquele imbecil do Gean invente de clicar.
14;;;;;;;;Na;Gustavo ainda quer socar esse sujeito.
14;;Falando;;;;;;Gu;O ciclo de vida dos IoCs pega os dados e informações coletadas do mundo todo e transforma isso em alertas.
14;;Falando;;;;;;Gu;Quando essas informações são botadas num SIEM, por exemplo, dá pra reconstruir a linha do tempo de um ataque todinha.
14;;;Triste;;Triste;Falando;Triste;An;Como remontar cada etapa de um crime hediondo cometido por um desses vagabundos que juram ser apenas “vítimas da falta de oportunidade”.
14;;;;Falando;;;;Th;É importante lembrar que nem toda pessoa acusada por crimes necessariamente teve as mesmas oportunidades ou acesso à educação e suporte adequado…
14;;Reagindo;Medo;Falando;Feliz;Reagindo;Medo;Th;Isso obviamente não justifica atitudes criminosas!
14;;;;Falando;;;;Th;Mas compreender as causas também pode ajudar na prevenção desses problemas.
14;;;;;;Falando;;An;Esse discurso é–
14;;Falando;;;;;;Gu;Galera…
14;;;;;;;;Na;O funcionário cansado está tendo que aturar uma pequena parte do que a Raquel enfrenta todo dia.
14;;Falando;;;;;;Gu;Também existe a tal da Pirâmide da Dor.
14;;Falando;;;;;;Gu;Me lembra algum nome de filme da Sessão Mais Tarde…
14;;Falando;Feliz;;;;;Gu;Ela organiza os indicadores de acordo com o quanto atrapalham a vida do mano que atacou.
14;;Falando;Surpresa;;;;;Gu;Bloquear IP ou hash dá só uma incomodadinha, porque o cara consegue trocar vapt-vupt.
14;;Falando;;;;;;Gu;Agora mexer nas TTPs é osso…
14;;Falando;;;;;;Gu;Não tem Dipirona que aguente.
14;;;Feliz;Falando;Feliz;;Feliz;Th;TTPs significa “táticas, técnicas e procedimentos”!
14;;;;Falando;;;;Th;É basicamente o jeito que o atacante pensa, age e executa os ataques.
14;;Falando;;;;;;Gu;Podemos explicar do jeito mais frufruzento se o da poltrona aí quiser.
14;;Reagindo;Surpresa;Reagindo;Surpresa;Falando;Surpresa;An;Tecnicamente, não recebemos uma compensação financeira maior caso expliquemos tudo até os mínimos detalhes?
14;;Falando;;;;;;Gu;Pera aí.
14;;Falando;Surpresa;Extra;Extra;Reagindo;Surpresa;Gu;A gente ganha mais dinheiro?!
14;;;Feliz;Falando;Feliz;;Feliz;Th;Sim!
14;;;;Falando;;;;Th;A senhorita Raquel comentou isso antes da gravação começar.
14;;;Feliz;Falando;Feliz;;Feliz;Th;Embora eu esteja aqui mais pela oportunidade de compartilhar conhecimento e ajudar as pessoas!
14;;Falando;;;;;;Gu;Eu tô aqui só pela grana mesmo.
14;;Extra;Extra;Extra;Extra;Reagindo;Medo;Gu;Então pelo bem do meu aluguel, não saia daí, meu!
14;19;;;;;;;Na;O gerente de TI aponta para a câmera, colocando pressão de forma sutil.
15;;Reagindo;Surpresa;Falando;Surpresa;Reagindo;Surpresa;Th;Senhor Gus, eu poderia apresentar essa parte?
15;;;;;;;;Na;A mulher da RP quer participar mais da A.U.L.A., mesmo sabendo que seu salário será o mesmo.
15;;Falando;;;;;;Gu;Bora, vai lá.
15;;;;Falando;Feliz;;;Th;Os Indicadores de Comprometimento, ou IoCs, são evidências digitais que mostram que alguma coisa suspeita aconteceu dentro de um sistema ou rede.
15;;;Feliz;Falando;Feliz;;Feliz;Th;Isso ajuda a reduzir danos, proteger os sistemas e diminuir o tempo que um invasor consegue permanecer escondido dentro da empresa!
16;;;Feliz;Falando;Feliz;;Feliz;Th;Assim como o nosso querido representante do TI explicou anteriormente, os Indicadores de Comprometimento se dividem em três categorias principais!
16;;;Feliz;Falando;Feliz;;Feliz;Th;Rede, host e e-mails!
16;;;;Falando;Feliz;;;Th;Os indicadores de rede ficam focados na parte das comunicações.
16;;;Feliz;Falando;Feliz;;Feliz;Th;Inclusive, são parecidos comigo, porque eu também trabalho com comunicação!
16;;;Feliz;Falando;Feliz;;Feliz;Th;Que coincidência interessante!
16;;;;Falando;Feliz;;;Th;Também adorei esses ícones que escolheram pro slide, muito fofos.
16;;;;;;;;Na;É impressionante a capacidade dela de se animar com qualquer coisa.
16;;;;Falando;Feliz;;;Th;Esses indicadores monitoram comunicações suspeitas e padrões estranhos de tráfego envolvendo endereços IP malvados.
16;;;;Falando;;;;Th;Além disso, eles analisam consultas DNS incomuns para domínios gerados automaticamente ou registrados recentemente.
16;;;Feliz;Falando;Feliz;;Feliz;Th;Eles realmente estão preparados para quase tudo!
16;;;;Falando;;;;Th;O monitoramento de rede também procura por conexões automáticas em intervalos fixos e transferências de dados que sejam meio esquisitinhas.
16;;Reagindo;Medo;Falando;Bravo;Reagindo;Medo;Th;Não que tenha algum problema em ser meio esquisito! Nós te entendemos!
16;;Falando;;;;;;Gu;Espero que não teja falando de mim.
16;;;;Falando;;;;Th;Agora, rufem os tambores para o nosso próximo IoC…
16;;;;;;Falando;;An;…
16;;;;;;;;Na;Nenhum mísero tambor foi rufado.
16;;;Feliz;Falando;Feliz;;Feliz;Th;Host!!!
16;;;Feliz;Falando;Feliz;;Feliz;Th;Os IoCs baseados em host procuram os probleminhas diretamente nos servidores e computadores da empresa!
16;;;;Falando;;;;Th;Eles analisam arquivos sapecas, verificam hashes malvados e também detectam alterações indevidas nas chaves de registro dos sistemas operacionais.
16;;;;Falando;;;;Th;É como quando alguém mexe escondido nas suas coisas e depois tenta fingir que não fez nada…
16;;;Feliz;Falando;Feliz;;Feliz;Th;Mas os IoCs percebem tudinho!
16;;;Triste;Falando;Triste;;Triste;Th;Igual àquela vez em que comeram meu sanduíche vegano de cenoura da geladeira e eu fiquei muito triste…
16;;Reagindo;Feliz;Falando;Feliz;;Feliz;Th;Porém, o simpático senhor Gustavo Teodoro identificou que um dos estagiários provavelmente havia sido o responsável pelo desaparecimento do meu sanduíche, funcionando praticamente como um IoC humano!
16;;Falando;;;;;;Gu;Disponha, fia.
16;;;;;;;;Na;Foi o próprio Gustavo quem comeu o sanduíche.
16;;;;Falando;;;;Th;Além disso, os IoCs conseguem identificar processos incomuns sendo executados nas máquinas.
16;;;;Falando;;;;Th;Então, se algum programinha sapeca resolver surgir do absoluto nada…
16;;;Feliz;Falando;Feliz;;Feliz;Th;Pew, pew! Detectado!
16;;;;Falando;;;;Th;E por último, mas não menos importante…
16;;;Feliz;Falando;Feliz;;Feliz;Th;O grande momento que todo mundo estava esperando!
16;;;;;;;;Na;Thayná faz uma pausa dramática por algum motivo.
16;;;Feliz;Falando;Feliz;;Feliz;Th;Os IoCs de… e-mail!!!
16;;Falando;;;;;;Gu;…
16;;;;;;;;Na;O homem do TI continua sem compreender de onde vem tanta animação.
16;;;;;;;;Na;O advogado também não. Poucas pessoas dentro daquela petrolífera compreendem.
16;;Reagindo;Medo;Falando;Feliz;Reagindo;Medo;Th;Esses indicadores ajudam a monitorar tentativas de phishing através de remetentes fakes, anexos sapecas e links malvados enviados por e-mail!
16;;;Surpresa;Falando;Surpresa;;Surpresa;Th;Assim, fica possível bloquear esses vetores antes que alguém clique em alguma coisa errada.
16;;;;Falando;;;;Th;E lembrem-se, pessoal…
16;;;Feliz;Falando;Feliz;;Feliz;Th;Falsificar remetentes e documentos é muito feio!
16;;Reagindo;Medo;Falando;Bravo;Reagindo;Medo;Th;Não façam isso!
16;;;;;;Falando;;An;Podem fazer.
16;;;;;;Falando;;An;E eu pessoalmente me certificarei de que vocês sejam devidamente responsabilizados perante a lei.
16;;;;;;;;Na;O sorriso do representante jurídico faria até o mais forte dos brutos borrar as calças.
17;;Falando;Feliz;;Feliz;;Feliz;Gu;Oh, a pirâmide da dor!
17;;Falando;;;;;;Gu;Esse nome é muito massa.
17;;Falando;;;;;;Gu;Inclusive, me lembra das pirâmides do Egito.
17;;Falando;Surpresa;Reagindo;Surpresa;Reagindo;Surpresa;Gu;Acredita que até hoje tem gente que acha que foram alienígenas que construiram?
17;;Falando;;;;;;Gu;A ideia de um bando de ETs cabeçudos viajando a galáxia toda só pra levantar um monte de pedra quadrada no deserto é muito engraçada pra mim.
17;;;;;;Falando;;An;Absolutamente irrelevante para o conteúdo.
17;;Falando;;;;;;Gu;Você que é irrelevante pro conteúdo, meu nobre.
17;;;Feliz;;Feliz;Falando;Feliz;An;E você é um–!
17;;Falando;;;;;;Gu;A PIRÂMIDE DA DOR…
17;;;;;;;;Na;O homem da barriga avantajada usa do grito para mostrar dominância. Ou algo do tipo.
17;;Falando;Feliz;;Feliz;;Feliz;Gu;Serve pra organizar todos os itens pra gente arregaçar com a busanfa desses hackers safados!
17;;Falando;;;;;;Gu;A base da pirâmide representa as coisas mais fáceis da gente descobrir.
17;;Falando;;;;;;Gu;Mas também as mais fáceis pro hacker se adaptar em dois palitos.
17;;Falando;;;;;;Gu;Já lá no topo fica aquilo que realmente faz o criminoso sofrer pra continuar atacando.
17;;Falando;Feliz;;;;;Gu;Dependendo do estrago, o cara talvez até peça demissão da vida criminosa e vá virar empacotador no mercadinho da esquina.
17;;Reagindo;Surpresa;Falando;Surpresa;Reagindo;Surpresa;Th;E se o sonho dele sempre tivesse sido ser empacotador?
17;;Falando;Surpresa;Extra;Extra;Reagindo;Surpresa;Gu;Aí ele precisa repensar as escolhas de vida, né?
17;;Falando;;;;;;Gu;Na base da pirâmide ficam os hashes, os triviais em cinza.
17;;Falando;;;;;;Gu;Assinaturas digitais dos arquivos maliciosos.
17;;Falando;;;;;;Gu;O problema é que o sujeito dá um peido no arquivo e pronto.
17;;Falando;Surpresa;;;;;Gu;Hash novo. Nenhum arranhão no ego do hacker.
17;;;;;;Falando;Feliz;An;Criminosos covardes adoram soluções fáceis e rasteiras.
17;;Falando;;;;;;Gu;Depois vêm os endereços IP, em azul.
17;;Falando;;;;;;Gu;Já falaram deles na primeira aula, então nem preciso ficar mastigando isso.
17;;Falando;Surpresa;;Feliz;;Feliz;Gu;É bem de boa bloquear.
17;;Falando;Feliz;;;;;Gu;Só que o infeliz troca de IP usando VPN, proxy e essas tranqueiras todas.
17;;Falando;;;;;;Gu;A dor aí é mínima.
17;;Falando;;;;;;Gu;Uma leve dor nas costas depois de carregar as sacolas de roupas da sua mulher o dia todo.
17;;Falando;;;;;;Gu;Tudo isso pra depois ela te trocar pelo primeiro–
17;;;;;;;;Na;Gustavo evita liberar mais de sua vida pessoal para seus colegas.
17;;Falando;Surpresa;;;;;Gu;Caham…
17;;;;Falando;;;;Th;Caso precise falar sobre iss–
17;;Falando;Feliz;;Feliz;;Feliz;Gu;Nomes de domínio!
17;;Falando;;;;;;Gu;Temos os nomes de domínio, em verde.
17;;Falando;;;;;;Gu;Os sites desses malandros precisam registrar domínio, configurar tudo e tal.
17;;Falando;;;;;;Gu;Trocar domínio já dá um trampo maior pro atacante.
17;;Falando;;;;;;Gu;Então seria como uma dor tipo… sei lá…
17;;;;;;Falando;;An;Uma facada no ombro.
17;;;;;;Falando;;An;Considerando experiências prévias, classificaria como dor moderada.
17;;;;Falando;;;;Th;Meu Deus do céu…
17;;Falando;;;;;;Gu;Peraí.
17;;Falando;Surpresa;Extra;Extra;Reagindo;Surpresa;Gu;Tu já levou uma facada?!
17;;Falando;;;;;;Gu;Caraca… depois eu quero ver a cicatriz.
17;;;;;;Falando;;An;…
17;;;;;;;;Na;André claramente não possui qualquer interesse em compartilhar detalhes dessa história.
17;;Falando;;;;;;Gu;Mas não, essa dor aí é mais tipo uma azia depois do quinto espetinho de rua em promoção.
17;;Falando;;;;;;Gu;Sempre pergunte se o churrasquinho de gato não é de gato mesmo.
17;;;;Falando;;;;Th;Tadinhos dos bichanos…
17;;Falando;Triste;;;;;Gu;Coitado do meu bucho, isso sim.
17;;Falando;;;;;;Gu;Enfim… depois começam os artefatos de rede e host, aquela parte amarela da pirâmide.
17;;Falando;;;;;;Gu;Isso aí são rastros específicos deixados no sistema ou no tráfego da rede.
17;;Falando;;;;;;Gu;Tipo uma configuração suspeita mexida do nada, um programa estranho rodando ou algum negócio se comunicando pela rede… essas tranqueiras todas.
17;;Falando;Vergonha;;Surpresa;;Surpresa;Gu;Pra conseguir mudar esse tipo de coisa, o atacante já precisa reconfigurar ferramentas e alterar parte do ataque.
17;;Falando;Surpresa;;;;;Gu;É tipo a dor de bater o mindinho na quina do armário ou pisar numa pecinha de brinquedo de montar largada no chão pelo seu sobrinho.
17;;Extra;Extra;;;;;Gu;Odeio aquelas porcarias.
17;;;;;;Falando;;An;Ainda me parece uma punição extremamente branda para o que esses vermes merecem.
17;;Falando;Surpresa;;Surpresa;;Surpresa;Gu;Se bloquearem a ferramenta ou protocolo que o atacante usa, aí o sujeito começa a sofrer de verdade.
17;;Falando;Vergonha;;Surpresa;;Surpresa;Gu;Porque ele precisa encontrar outra ferramenta ou inventar uma nova forma de ataque praticamente do zero.
17;;Falando;;;;;;Gu;É uma dor tipo encostar a perna no escapamento de um moto-táxi.
17;;Extra;Extra;;;;;Gu;É uma merda.
17;;;;;;Falando;;An;Eu compararia mais à sensação de uma bala alojada na panturrilha.
17;;Reagindo;Surpresa;Falando;Surpresa;Reagindo;Surpresa;Th;Senhor André… como o senhor possui tantas vivências traumáticas e estranhamente específicas assim?
17;;;;;;Falando;;An;Experiência profissional.
17;;;;;;;;Na;Nenhum deles teve coragem de pedir detalhes.
17;;Falando;;;;;;Gu;E lá no topo da pirâmide ficam as famosas TTPs.
17;;Falando;;;;;;Gu;Talvez ninguém aqui nem saiba direito o que significa.
17;;Falando;;;;;;Gu;Isso mexe no jeito que o atacante pensa e age.
17;;Falando;;;;;;Gu;Como ele invade sistemas, se move pela rede e executa os ataques.
17;;Falando;Surpresa;;;;;Gu;Se alguém consegue bloquear isso…
17;;Falando;;;;;;Gu;O hacker basicamente precisa da ajuda da mamãe, não consegue fazer mais nada.
17;;Falando;;;;;;Gu;Tem que começar do zero.
17;;;Feliz;Falando;Surpresa;;Feliz;Th;Nossa… parece realmente bem complicado.
17;;Falando;;Reagindo;;;;Gu;Dizem que dói mais que parto, mas precisaríamos da Thayná pra confirmar isso aí pra nós.
17;;;Triste;Falando;Feliz;;Triste;Th;Na verdade meus filhos são adotados, então infelizmente não posso contribuir.
17;;Falando;;;;;;Gu;Então é a mesma dor de torcer pro Vasmengo em pleno século 21.
17;;;;;;Falando;;An;Eu compararia à dor de assistir um país inteiro afundar lentamente nas mãos de incompetentes e analfabetos funcionais enquanto cidadãos cultos, corretos e produtivos são tratados como vilões.
17;;Falando;;;;;;Gu;E lá vem ele com politicagem de novo…
17;;;;;;;;Na;Gustavo desejava profundamente estar em casa tomando cerveja barata e assistindo documentários sobre civilizações antigas.
18;;;;Falando;;;;Th;Com licença…
18;;Falando;;;;;;Gu;Eu já ia passar essa parte pra você mesmo.
18;;Falando;;;;;;Gu;Economizo minha saliva.
18;;;Feliz;Falando;Surpresa;;Feliz;Th;Ah, perfeito então!
18;;;;;;;;Na;Thayná demonstra uma felicidade genuína por poder explicar mais um tópico da apresentação, apesar de saber que isso não altera no valor financeiro que receberá no final.
18;;;Feliz;Falando;Feliz;;Feliz;Th;Os IoCs passam por um ciclo contínuo de coleta e análise de informações!
18;;;;Falando;;;;Th;Essas informações podem vir de várias fontes diferentes.
18;;;;Falando;;;;Th;Como plataformas de inteligência de ameaças, comunidades de segurança e até ambientes chamados sandbox, que funcionam como espaços seguros para observar arquivos sapecas sem colocar sistemas reais em risco.
18;;;;Falando;;;;Th;Tudo isso ajuda a criar uma base de conhecimento que está sempre aprendendo coisas novas sobre ataques e comportamentos malvados.
18;;;;;;;;Na;A líder de torcida corporativa de meia-idade fala com o mesmo entusiasmo de um estudante quando a aula de matemática é substituída por educação física.
18;;;Feliz;Falando;Feliz;;Feliz;Th;Depois disso, os profissionais conseguem analisar e correlacionar os indicadores encontrados!
18;;;;Falando;;;;Th;Isso permite reconstruir a linha do tempo de um ataque e entender melhor o que realmente aconteceu dentro da rede.
18;;;;Falando;;;;Th;Além disso, ajuda bastante a diferenciar atividades legítimas de ameaças reais, diminuindo aqueles alertas falsos que deixam todo mundo confuso e estressado.
18;;Reagindo;Medo;Falando;Feliz;Reagindo;Medo;Th;Eu não sei vocês, mas particularmente não gosto de ficar confusa e estressada!
18;;Falando;Feliz;;;;;Gu;Eu adoro.
18;;Reagindo;Surpresa;Falando;Vergonha;Reagindo;Surpresa;Th;Ahn…?
18;;;;;;;;Na;Thayná ainda precisa aprender o beabá da ironia.
18;;;Feliz;Falando;Feliz;;Feliz;Th;Para funcionar direitinho, os IoCs podem ser integrados em várias ferramentas de segurança da infraestrutura, como SIEM, EDR e NDR!
18;;;Feliz;Falando;Surpresa;;Feliz;Th;Na nossa magnífica empresa parceira, a C.A.F.E., por exemplo, eles são integrados ao SIEMTinel!
18;;;;Falando;;;;Th;Que é justamente a plataforma de SIEM utilizada pelos analistas da empresa…
18;;;Feliz;Falando;Feliz;;Feliz;Th;Mas vocês são muito espertos, tenho certeza de que ainda lembram disso da primeira aula!
18;;;Feliz;Falando;Feliz;;Feliz;Th;Assim, os analistas conseguem consultar alertas, visualizar evidências e investigar possíveis ataques de forma muito mais organizada e eficiente!
18;;;;;;Falando;;An;Acredito que também deveria existir um sistema capaz de localizar e enviar tropas armadas para prender imediatamente todos os responsáveis por esses ataques.
18;;Falando;Feliz;;;;;Gu;Isso até pouparia um bom trabalho pros caras do SOC…
18;;Falando;;;;;;Gu;Mas não diminuiria em nada o meu.
18;;;;;;;;Na;Esse homem trabalha demais para um salário de menos.
19;;Falando;;;;;;Gu;Ransom… O nosso queridão.
19;;Falando;Vergonha;;Surpresa;;Surpresa;Gu;Que fud– ferrou com toda a logística de transporte da PC.
19;;Falando;Feliz;;;;;Gu;Vai ser uma maravilha aprender mais sobre esse câncer.
19;;;Feliz;Falando;Feliz;;Feliz;Th;Sim! É muito importante entender as ferramentas utilizadas pelos atacantes para conseguirmos nos proteger melhor!
19;;Falando;;;;;;Gu;É…
19;;Falando;;;;;;Gu;Dá pra dizer que o ransom é um sequestro digital.
19;;Extra;Extra;;;;;Gu;O desgraçado trava todos os arquivos ou o sistema inteiro e depois exige pagamento pra devolver tudo.
19;;Falando;Feliz;;;;;Gu;E gostam de receber em cripto, já que ninguém dessa geração usa dinheiro de verdade mais.
19;;;;Falando;Triste;;;Th;É tão horrível…
19;;Reagindo;Surpresa;Falando;Surpresa;Reagindo;Surpresa;Th;Como alguém consegue fazer esse tipo de coisa com outras pessoas?
19;;;;;;;;Na;A representante da RP não sobreviveria 10 minutos em qualquer rede social moderna.
19;;;Surpresa;Falando;Vergonha;;Surpresa;Th;Muitos desses ataques terríveis começam através de engenharia social.
19;;;Feliz;Falando;Feliz;;Feliz;Th;Então é muito importante tomar cuidado com links falsos e anexos suspeitos enviados por e-mail!
19;;Falando;Feliz;;;;;Gu;O tonto daquele estagiário pode ler “clona.cartao.org” que mesmo assim ele vai clicar.
19;;Falando;Feliz;;Feliz;;Feliz;Gu;Ainda bem que demitiram esse cara.
19;;;;;;Falando;;An;A sorte desses vagabundos liberais é a quantidade absurda de gente sem o mínimo de discernimento hoje em dia.
19;;Falando;Feliz;;Feliz;;Feliz;Gu;Pior que não é só culpa dos imbecis que não sabem que o governo ou o seu banco não manda nada por Whatsapp.
19;;Falando;;;;;;Gu;Esses hackers também exploram falhas de segurança novinhas em folha.
19;;;Feliz;Falando;Feliz;;Feliz;Th;São chamadas de vulnerabilidades de Dia Zero!
19;;Falando;;;;;;Gu;É só entrar num site bichado e já eras.
19;;Extra;Extra;;;;;Gu;O troço baixa sozinho, uma desgraça.
19;;;Feliz;Falando;Feliz;;Feliz;Th;Existem também diferentes formas de ransomware!
19;;Reagindo;Medo;Extra;Medo;Reagindo;Medo;Th;O Scareware, por exemplo, usa alertas falsos de vírus para assustar a vítima e convencê-la a pagar por programas desnecessários.
19;;;;Falando;;;;Th;É muita crueldade…
19;;;;Falando;Feliz;;;Th;Queria muito que esse tipo de coisa simplesmente não existisse.
19;;;;;;Falando;;An;Eu já apresentei soluções extremamente eficazes diversas vezes, mas ninguém nesta empresa parece disposto a ouvi-las.
19;;Reagindo;Medo;Falando;Bravo;Reagindo;Medo;Th;Cadeira elétrica nunca é uma solução válida!
19;;;;;;;;Na;O advogado simplesmente ignora o chilique da formada em ciências sociais, como se já estivesse acostumado.
19;;;;Falando;Feliz;;;Th;Vamos seguir…
19;;;;Falando;Surpresa;;;Th;O ransomware pode bloquear a sua tela, impedindo completamente o acesso ao sistema operacional.
19;;;;Falando;Triste;;;Th;Na extorsão simples, os arquivos da pobrezinha da vítima são criptografados e ficam inacessíveis.
19;;Falando;;;;;;Gu;E na dupla extorsão o peidão ainda rouba os dados antes.
19;;Falando;;;;;;Gu;Aí ameaça vazar tudo se a empresa ou a pessoa não sentar com a grana.
19;;;Triste;Falando;Feliz;;Triste;Th;O que, infelizmente, pode causar enormes prejuízos financeiros e danos à reputação das organizações afetadas…
19;;Extra;Extra;;;;;Gu;Sem falar nas noites sem dormir resolvendo as desgraças que sobram pra mim depois.
19;;Falando;;;;;;Gu;Dane-se, acho que de resumo era isso.
19;;Falando;;;;;;Gu;Agora falta descobrir se a criatura do outro lado da tela quer continuar vendo a gente dissecar ransomware.
19;;;;;;Falando;;An;Caso o indivíduo em questão acredite possuir capacidade cognitiva suficiente para identificar golpes digitais, mesmo vivendo em uma sociedade onde pessoas entregam dinheiro para golpistas diariamente, pode avançar diretamente para a conclusão desta apresentação.
19;;;;;;Falando;Feliz;An;Mas eu garanto que assim como qualquer um que pressiona os números de seu candidato em uma urna eleitoral, que ainda tenho minhas dúvidas se realmente não são manipuladas, ele sabe que o destino do país está em suas mãos.
19;;Falando;;;;;;Gu;Não força também, meu.
19;;Falando;;;;;;Gu;Tá mais pro destino do pc dele, caso tente ver um filme pirata em um link estranho de novo.
19;25;Falando;Surpresa;Reagindo;Surpresa;Reagindo;Surpresa;Gu;Então, qual vai ser?
20;;Falando;Feliz;;;;;Gu;Beleza, então o cidadão aí quer continuar aprendendo.
20;;Falando;;;;;;Gu;Vou deixar essa contigo, parrudo.
20;;Falando;;;;;;Gu;Só tenta lembrar que não tamo em horário eleitoral, cara.
20;;;;;;Falando;;An;Ransomware é uma categoria de software malicioso voltada à prática de extorsão digital.
20;;;;;;Falando;Feliz;An;Em termos simples, trata-se de um mecanismo criminoso criado pelas escórias da sociedade, para sequestrar dados confidenciais ou sistemas inteiros.
20;;;;;;Falando;Surpresa;An;Através disso, impedem o acesso legítimo por meio de criptografia, bloqueios operacionais e até roubo de informações sigilosas, transformando as empresas de empresários produtivos e honestos em reféns.
20;;;;;;Falando;;An;Após comprometer o alvo, esses bandidos podem exigir o pagamento de um resgate em criptomoedas para restaurar o acesso ou impedir o vazamento na mídia sensacionalista dos dados roubados.
20;;;;;;Falando;;An;Particularmente, considero que certas situações seriam resolvidas com muito mais eficiência através de uma ponto vinte e dois sendo descarregada no peito dos envolvidos.
20;;Reagindo;Surpresa;Extra;Medo;Reagindo;Medo;Th;Credo! Senhor André, como consegue considerar uma coisa dessas?!
20;;;Triste;;Triste;Falando;Triste;An;Estou apenas brincando.
20;;;;;;;;Na;...
20;;;;;;Falando;;An;Apesar de parecer algo moderno, as primeiras formas de ransomware surgiram ainda em 1989, através do chamado “AIDS Trojan”, distribuído por disquetes físicos.
20;;Falando;Surpresa;Reagindo;Surpresa;Reagindo;Surpresa;Gu;AIDS?!
20;;Falando;Surpresa;Reagindo;Surpresa;Reagindo;Surpresa;Gu;Que tipo de coisa as pessoas faziam com esses disquetes naquela época?!
20;;;;;;Falando;;An;…
20;;;;;;Falando;;An;Absolutamente nada relacionado ao que sua mente perturbada acabou de imaginar.
20;;Reagindo;Medo;Extra;Medo;Reagindo;Medo;Th;Graças a Deus… estava assustada.
20;;;;;;Falando;;An;O AIDS Trojan era um cavalo de Troia desenvolvido para o sistema operacional DOS.
20;;;;;;Falando;Feliz;An;Seu payload alterava os nomes dos arquivos e criptografava diretórios inteiros da unidade do computador, impedindo o acesso normal aos dados dos cidadãos virtuosos.
20;;Falando;;;;;;Gu;Deve ser loucura receber um vírus por correio.
20;;;;;;Falando;Feliz;An;Com o passar das décadas, essa prática deixou de ser conduzida por amadores oportunistas e evoluiu para uma indústria criminosa bilionária, organizada e altamente profissionalizada.
20;;;Feliz;;Feliz;Falando;Feliz;An;Pois todos sabem que os inimigos estão sempre bem preparados, por isso nunca devemos parar de lutar pelo bem e o correto.
20;;;Feliz;Falando;Feliz;;Feliz;Th;Eu acho muito inspirador ver alguém tão comprometido com a proteção do bem coletivo!
20;;Falando;Feliz;Extra;Extra;;Feliz;Gu;Acho que o “bem” dele não é o mesmo que o seu, Thayná…
20;;Extra;Extra;Extra;Medo;Reagindo;Medo;Gu;Azar, não tamos com tempo pra isso. Próxima parte!
21;;;Feliz;Falando;Feliz;;Feliz;Th;Em ataques de ransomware, esses hackers levados podem utilizar várias técnicas diferentes para conseguir invadir sistemas!
21;;;;;;;;Na;Thayná observa o slide.
21;;;Feliz;Falando;Feliz;;Feliz;Th;Hehe, é exatamente assim que eu imagino um ransom!
21;;;;Falando;;;;Th;A prática mais comum continua sendo a engenharia social, principalmente através de campanhas de phishing.
21;;;;Falando;Triste;;;Th;Nelas, os atacantes tentam enganar as coitadas das vítimas usando anexos malvados disfarçados de documentos bonzinhos.
21;;;Feliz;Falando;Feliz;;Feliz;Th;Sempre confira duas vezes antes de clicar em algo ou chame um responsável!
21;;Falando;;;;;;Gu;E nunca clique no link de fotos de famosas.
21;;;Feliz;Falando;Feliz;;Feliz;Th;Outro método muito utilizado são os downloads automáticos!
21;;;Triste;Falando;Feliz;;Triste;Th;Às vezes, apenas visitar um site comprometido já pode permitir a instalação de malwares através de falhas no navegador da vítima.
21;;Falando;;;;;;Gu;Nunca entre no site de fotos de famosas.
21;;Reagindo;;Falando;;;;Th;Não sabia que era tão interessado em fofocas sobre famosas, senhor Gustavo.
21;;Falando;Feliz;;;;;Gu;Claro, claro, fofocas…
21;;;;;;;;Na;O homem de óculos fica visivelmente envergonhado.
21;;;Feliz;Falando;Feliz;;Feliz;Th;Além das falhas humanas, os atacantes também exploram vulnerabilidades chamadas de “Dia Zero”!
21;;;;Falando;;;;Th;Que são falhas ainda desconhecidas pela empresa responsável pelo sistema ou programa afetado.
21;;Reagindo;Medo;Falando;Bravo;Reagindo;Medo;Th;Até os sistemas mais bem elaborados podem apresentar problemas de vez em quando, então também não devemos nos sentir mal por cometer erros!
21;;;Feliz;Falando;Feliz;;Feliz;Th;O importante é aprender, melhorar e continuar tentando fazer o certo!
21;;;Feliz;Falando;Feliz;;Feliz;Th;Acredite no seu potencial, você vai conseguir!
21;;Falando;;;;;;Gu;Ugh…
21;;;;;;;;Na;O excesso de positividade e os ensinamentos motivacionais exagerados fazem o estômago de Gustavo se revirar violentamente.
22;;;;;;Falando;;An;Existem diversas variações dessa praga.
22;;;;;;;;Na;O diretor jurídico fixa os olhos nas imagens.
22;;;;;;Falando;;An;Continuo querendo descobrir qual foi o responsável por selecionar esse material visual deplorável…
22;;Falando;;;;;;Gu;Deve ter sido algum estagiário.
22;;;;;;Falando;;An;Independentemente da técnica utilizada, o objetivo central continua sendo extorquir a maior quantidade possível de dinheiro, como os seres corruptos sem moralidade que são.
22;;;;;;Falando;Bravo;An;Seja bloqueando sistemas, criptografando arquivos ou ameaçando divulgar informações sigilosas roubadas, esses degenerados sobrevivem explorando a desgraça alheia.
22;;;;Falando;;;;Th;Cada um utiliza estratégias horríveis para pressionar emocionalmente as vítimas.
22;;Reagindo;Medo;Falando;Triste;Reagindo;Medo;Th;O Scareware, por exemplo, utiliza engenharia social para causar medo, choque ou ansiedade.
22;;;Feliz;Falando;Feliz;;Feliz;Th;O sistema começa a exibir alertas falsos dizendo que o computador foi infectado ou que atividades ilegais foram detectadas!
22;;;;Falando;Triste;;;Th;É extremamente angustiante…
22;;;;;;;;Na;Thayná quase implode só de imaginar.
22;;Reagindo;Medo;Extra;Medo;Reagindo;Medo;Th;A pobre da vítima acaba ficando assustada e pode pagar por programas falsos ou multas que nem existem de verdade.
22;;;;;;Falando;;An;Exige um nível impressionante de imprudência cair em um golpe como esse, quanta ingenuidade.
22;;Reagindo;Medo;Extra;Medo;Reagindo;Medo;Th;Senhor André, pessoas assustadas nem sempre conseguem pensar com calma…
22;;;;;;Falando;;An;Francamente, tenho dúvidas se conseguem pensar com clareza em qualquer circunstância.
22;;;Feliz;Falando;Surpresa;;Feliz;Th;O bloqueio de tela também é muito utilizado!
22;;;;Falando;;;;Th;Diferente da criptografia tradicional, ele impede totalmente o acesso à interface do sistema operacional.
22;;;;Falando;;;;Th;Muitas vezes o malware até finge ser uma agência policial exigindo pagamento imediato…
22;;;;Falando;;;;Th;Que golpe baixo…
22;;;;;;Falando;;An;Autoridades policiais representam a lei, a ordem e a estabilidade social.
22;;;;;;Falando;;An;Eles nunca fariam algo que prejudicasse a população a menos que fosse necessário.
22;;Falando;;;;;;Gu;…
22;;;;;;;;Na;O homem da camisa polo decide guardar suas opiniões sobre forças policiais para evitar problemas.
23;;;;Falando;Feliz;;;Th;Já a extorsão simples utiliza algoritmos criptográficos para tornar os arquivos inacessíveis até que o pagamento seja realizado.
23;;;;Falando;;;;Th;Mas como muitas empresas começaram a melhorar seus backups, os criminosos criaram a chamada dupla extorsão.
23;;Reagindo;Surpresa;Reagindo;Surpresa;Falando;Surpresa;An;Trabalhar ninguém quer, né?
23;;;Feliz;Falando;Feliz;;Feliz;Th;Nesse modelo, antes de criptografar os arquivos, os invasores também roubam dados importantes da empresa!
23;;Reagindo;Medo;Falando;Bravo;Reagindo;Medo;Th;É bem preocupante! Ameaçam publicar tudo online caso o pagamento não seja feito.
23;;Reagindo;Medo;Falando;Bravo;Reagindo;Medo;Th;Por sorte, a PetroCais não tem nada a esconder!
23;;Falando;Feliz;;Feliz;;Feliz;Gu;É, sim… É uma empresa incrível, sem nenhuma polêmica.
23;;Falando;Feliz;;Feliz;;Feliz;Gu;E eu adoro trabalhar aqui!
23;;;;;;;;Na;Gustavo faz questão de olhar para a câmera o tempo todo.
24;;;Surpresa;Falando;Vergonha;;Surpresa;Th;O incidente ocorrido na PetroCais envolveu justamente um ataque ao servidor de logística da empresa, causando interrupções operacionais importantes.
24;;Extra;Extra;;Feliz;;Feliz;Gu;Sei muito bem dessa merda…
24;;Reagindo;Medo;Extra;Medo;Reagindo;Medo;Th;Sempre que os funcionários tentavam abrir um arquivo, aquela mensagem vermelha assustadora aparecia na tela…
24;;;;Falando;;;;Th;E o pedido de resgate completo era ainda pior.
24;;;Feliz;Falando;Surpresa;;Feliz;Th;Eles inventaram diversas acusações horríveis sobre a nossa querida empresa, como se a PetroCais fosse algum tipo de monstro!
24;;;;;;Falando;;An;Esse pessoal do outro lado tem prazer em manipular narrativas para parecerem revolucionários virtuosos enquanto cometem crimes.
24;;Reagindo;Medo;Falando;Feliz;Reagindo;Medo;Th;Felizmente, seguindo as orientações dos maravilhosos profissionais da C.A.F.E., a empresa conseguiu restaurar backups atualizados sem precisar ceder às exigências dos criminosos malvados!
24;;;Feliz;Falando;Feliz;;Feliz;Th;O que mostra como estratégias preventivas podem realmente fazer diferença!
24;;;;;;Falando;;An;Continuo afirmando que a solução mais eficiente para impedir reincidências já foi devidamente mencionada por mim anteriormente.
24;;;;;;;;Na;André faz um gesto simulando um tiro de escopeta com as mãos.
25;;Falando;Feliz;;;;;Gu;E assim, finalmente concluímos essa po–
25;;;;Falando;;Reagindo;;Th;Perdoe-me pelo termo de baixo calão, senhor André…
25;;;Feliz;Falando;Feliz;;Feliz;Th;Mas essa postura é completamente boboca!
25;;Reagindo;Medo;Falando;Bravo;Reagindo;Medo;Th;Violência não resolve nada!
25;;;;;;;;Na;A guerreira da gentileza cruza os braços e encara André com evidente indignação.
25;;Reagindo;Surpresa;Reagindo;Surpresa;Falando;Surpresa;An;E ingenuidade resolve, senhorita Thayná?
25;;Reagindo;Surpresa;Extra;Extra;Falando;Surpresa;An;Acha mesmo que esses criminosos vão reconhecer os próprios erros e se tornar pessoas melhores?
25;;;Feliz;Falando;Feliz;;Feliz;Th;É óbvio que eu ainda acredito que as pessoas podem mudar sem serem alvejadas!
25;;Falando;Feliz;;Feliz;;Feliz;Gu;Gente boa, temos que terminar a aula…
25;;Reagindo;Surpresa;Reagindo;Surpresa;Falando;Surpresa;An;“Mudar”?
25;;Reagindo;Surpresa;Reagindo;Surpresa;Falando;Surpresa;An;Quantos cidadãos de bem precisam sofrer até a sua crença estúpida em criminosos desmoronar?
25;;;Feliz;;Feliz;Falando;Feliz;An;Enquanto a senhorita fica com esse papinho de dar as mãos, famílias inteiras são destruídas por causa desses degenerados!
25;;;Surpresa;;Surpresa;Falando;Vergonha;An;A única solução para esse tipo de gente é a sete palmos debaixo da terra.
25;;;;;;;;Na;Thayná arregala os olhos.
25;;Reagindo;Surpresa;Falando;Surpresa;Reagindo;Surpresa;Th;Claro que punições são necessárias, mas agir como uma besta sanguinária resolve alguma coisa?!
25;;;Feliz;Falando;Feliz;;Feliz;Th;Eles também têm família, amigos, pessoas que se importam com eles!
25;;;Feliz;Falando;Feliz;;Feliz;Th;Esse seu discurso só revela o quanto o senhor é desequilibrado!
25;;Reagindo;Surpresa;Reagindo;Surpresa;Falando;Surpresa;An;Desequilibrado?
25;;;Feliz;;Feliz;Falando;Feliz;An;Desequilibrado é quem protege vagabundo enquanto gente honesta paga a conta!
25;;;Feliz;;Feliz;Falando;Triste;An;O mundo está assim justamente porque pessoas como você transformaram criminosos em coitadinhos!
25;;;Feliz;Falando;Feliz;;Feliz;Th;Pessoas como eu ainda tentam agir com civilidade!
25;;;Feliz;Falando;Bravo;;Feliz;Th;Pessoas como o senhor parecem sentir prazer em odiar os outros e tratá-los como lixo!
25;;;;;;;;Na;André solta uma breve risada de deboche antes de responder.
25;;;;;;Falando;Feliz;An;Civilidade é uma palavra bonita.
25;;;Triste;;Triste;Falando;Triste;An;Mas continua sendo apenas uma palavra.
25;;Reagindo;Surpresa;Reagindo;Surpresa;Falando;Surpresa;An;Acha mesmo que um assassino vai ouvir suas frases gentis e decidir caminhar de mãos dadas em um campo florido?
25;;;Feliz;;Feliz;Falando;Feliz;An;Acorda! Você deixou de ter oito anos faz tempo, precisa sair da sua bolha cor-de-rosa.
25;;Falando;;;;;;Gu;Gente…
25;;;;;;;;Na;A mulher enraivecida aponta o dedo para o homem mais velho, olhando fixamente para ele.
25;;;Feliz;Falando;Feliz;;Feliz;Th;O garotinho é o senhor!
25;;;Feliz;Falando;Feliz;;Feliz;Th;Ainda quer brincar com suas arminhas como se estivesse em um filme de televisão!
25;;;Surpresa;Falando;Vergonha;;Surpresa;Th;Continua repetindo essas desculpas patéticas sobre “guerras necessárias” e “proteção da pátria”…
25;;;Feliz;Falando;Feliz;;Feliz;Th;Enquanto crianças inocentes morrem todos os dias!
25;;;;;;Falando;;An;Você está claramente fugindo do assunto por falta de argumentos sólidos.
25;;Reagindo;Surpresa;Reagindo;Surpresa;Falando;Surpresa;An;Se um desses miseráveis estivesse apontando um revólver para um de seus filhos, você ainda defenderia ele?
25;;;;Falando;Surpresa;;;Th;Haha… Era esperado.
25;;;;Falando;;;;Th;Apelar para cenários hipotéticos carregados com cunho emocional.
25;;;;Falando;;;;Th;Estou falando de sociedade, não de situações anedóticas.
25;;;;;;Falando;;An;Sabia que ia fraquejar…
25;;;;;;;;Na;O advogado balança a cabeça com desdém, enquanto a RP fecha os punhos de raiva.
25;;;Feliz;Falando;Feliz;;Feliz;Th;O senhor é impossível!!
25;;;Feliz;;Feliz;Falando;Feliz;An;E você é um ser desprezível!!
25;;Falando;;;;;;Gu;E eu preciso me aposentar logo…
